factor_name,original_frequency,category,period_used,trend_strength,seasonal_strength,trend_slope,mean_resid,std_resid,skew_resid,kurtosis_resid,lb_pvalue,normal_pvalue,passed_white_noise,passed_normality,final_length,image_path,adf_p,kpss_p,is_stationary,station_method,is_stationary_after
perpetuals_reference_rate,1h,derivatives,24,0.025722037165041085,0.17676720119957473,0.0019735136180292407,-6.1920395835202795,352.3415857075535,0.08929141366007826,14.897003816615424,4.8564967197430396e-83,0.0,False,False,7462,./data/image_multi_freq/perpetuals_reference_rate_1h.png,0.7554465648151469,0.01,False,diff1,True
futures_vd_perpetual,10m,derivatives,144,0.002381297145598519,0.12173279596594896,0.0017703580321922377,-6.658773885092658,968.0696047257094,0.03947854272872343,30.115148086071287,6.318947683656559e-27,0.0,False,False,44783,./data/image_multi_freq/futures_vd_perpetual_10m.png,0.0,0.1,True,none,True
options_25delta_skew_6_months,10m,derivatives,144,0.0027988958446614177,0.22876437686824833,1.2724267362324108e-09,2.9989075479580774e-06,0.001225446776802478,0.035030278900080876,50.866607467983435,1.595171036163559e-161,0.0,False,False,44782,./data/image_multi_freq/options_25delta_skew_6_months_10m.png,0.00014349098628256796,0.01,False,diff1,True
futures_volume_daily_sum,10m,derivatives,144,0.016153492397300524,0.11037973405187428,-0.011667866478948966,34.89325884584701,8193.429340986484,0.039706811819399807,26.48287260194612,0.0,0.0,False,False,44782,./data/image_multi_freq/futures_volume_daily_sum_10m.png,4.188507713846254e-20,0.01,False,diff1,True
options_atm_implied_volatility_3_months,10m,derivatives,144,0.007143730599073286,0.4526574723265775,-6.98773084975802e-07,0.0012395991492691288,0.07676153538144233,0.2982431084819787,68.40466159212008,0.0,0.0,False,False,44782,./data/image_multi_freq/options_atm_implied_volatility_3_months_10m.png,0.3841198250893132,0.01,False,diff1,True
futures_volume_buy_daily_sum,10m,derivatives,144,0.01650643665748261,0.10352402283881083,-0.006449444083397754,-7.551680155125554,3939.9141725440836,-0.24170129231462256,32.51878386403729,0.0,0.0,False,False,44782,./data/image_multi_freq/futures_volume_buy_daily_sum_10m.png,6.735255614148685e-21,0.01,False,diff1,True
options_25delta_skew_3_months,10m,derivatives,144,0.004933886659895574,0.23857681317021162,-6.789358782120291e-09,-1.2425279812678001e-05,0.0014528787875453474,-1.1693815866173485,32.77900627482491,2.427159240970146e-69,0.0,False,False,44782,./data/image_multi_freq/options_25delta_skew_3_months_10m.png,0.0003548659699477069,0.01,False,diff1,True
options_atm_implied_volatility_6_months,10m,derivatives,144,0.006108600881522076,0.5138992603054302,-3.41029334019862e-07,0.0008063307500205212,0.07294770990168017,-13.98434271978512,1383.3982792445427,0.0,0.0,False,False,44782,./data/image_multi_freq/options_atm_implied_volatility_6_months_10m.png,0.7957365134699712,0.01,False,diff1,True
futures_liquidated_volume_long_sum,10m,derivatives,144,0.004034342580786111,0.09067097015482556,-1.0860989867617022e-05,1.9633989315108091,21.688294032486308,54.63462245975384,5529.210931725749,0.0,0.0,False,False,44783,./data/image_multi_freq/futures_liquidated_volume_long_sum_10m.png,0.0,0.1,True,none,True
futures_liquidated_volume_short_mean,10m,derivatives,144,0.0023971495656734455,0.7661669972633429,-4.2275375725165907e-07,-0.0015133305087860495,0.24462466812329392,-5.906302030773923,523.8833013865893,0.0,0.0,False,False,44782,./data/image_multi_freq/futures_liquidated_volume_short_mean_10m.png,0.0,0.01,False,diff1,True
futures_funding_rate_perpetual,10m,derivatives,144,0.00643333023811618,0.3373601239127648,-1.486076319311807e-12,-3.8762790325006694e-08,4.7599268950512444e-06,-3.2284275942004497,193.3112776481354,0.0,0.0,False,False,44782,./data/image_multi_freq/futures_funding_rate_perpetual_10m.png,2.2970163293024214e-18,0.01,False,diff1,True
options_open_interest_put_call_ratio,10m,derivatives,144,0.0021559184721236125,0.6995581327690463,-1.2418841691432653e-08,1.1637364121638473e-05,0.003971105422975513,2.7244743116301997,4455.073330910841,0.0,0.0,False,False,44782,./data/image_multi_freq/options_open_interest_put_call_ratio_10m.png,0.018572002056030865,0.01,False,diff1,True
options_25delta_skew_1_month,10m,derivatives,144,0.0029432547623436537,0.19006389329955628,-1.2984839169976476e-09,-1.914388234929465e-05,0.0025132040695431844,0.6792738008659264,61.13031589607152,1.0184761225559553e-37,0.0,False,False,44782,./data/image_multi_freq/options_25delta_skew_1_month_10m.png,0.00014340750798034018,0.01,False,diff1,True
options_atm_implied_volatility_1_week,10m,derivatives,144,0.008512505474241315,0.2581278063111607,-5.62636617784408e-07,0.015547660948871167,0.2865410483605087,1.3464100967203934,61.877967555114765,0.0,0.0,False,False,44782,./data/image_multi_freq/options_atm_implied_volatility_1_week_10m.png,1.535088552833785e-05,0.01,False,diff1,True
futures_open_interest_cash_margin_sum,10m,derivatives,144,0.002624377810917471,0.4459196199499334,-0.002174317430034764,-21.13330674872634,818.6849239349891,0.5370625313218704,123.37039920704791,2.1029844741527327e-299,0.0,False,False,44782,./data/image_multi_freq/futures_open_interest_cash_margin_sum_10m.png,0.26681379508441017,0.01,False,diff1,True
futures_volume_sell_perpetual_sum,10m,derivatives,144,0.00100413479861868,0.1477921443575362,0.001541074555735876,38.61865724341929,2248.113829219339,1.2804493637772039,33.70258562734024,0.0,0.0,False,False,44782,./data/image_multi_freq/futures_volume_sell_perpetual_sum_10m.png,0.0,0.01,False,diff1,True
options_volume_daily_sum,10m,derivatives,144,0.012110576659452425,0.5769920260998518,-4.8394594219004085e-05,6.197562051874322,492.446971031606,7.36935718770032,683.9649896589852,0.0,0.0,False,False,44782,./data/image_multi_freq/options_volume_daily_sum_10m.png,1.0284784748515881e-21,0.016467103491190647,False,diff1,True
futures_open_interest_crypto_margin_relative,10m,derivatives,144,0.0022581747747303363,0.3115396805679692,2.209061392020137e-09,3.123636069566582e-05,0.0031515080186991064,0.05670645027857125,11.703759649007695,0.0,0.0,False,False,44782,./data/image_multi_freq/futures_open_interest_crypto_margin_relative_10m.png,0.029174183813408996,0.01,False,diff1,True
futures_open_interest_crypto_margin_perpetual_sum,10m,derivatives,144,0.002038840375734646,0.39865449113727325,0.006483560001020833,11.728748670386242,1121.383656212141,0.18597625353948827,13.843850674082383,0.0,0.0,False,False,44782,./data/image_multi_freq/futures_open_interest_crypto_margin_perpetual_sum_10m.png,2.886980307824175e-08,0.01,False,diff1,True
options_volume_put_call_ratio,10m,derivatives,144,0.0016445457254844476,0.13599030939462167,2.019516202693216e-08,2.6019994158288047e-05,0.019819867351100327,-0.5618417534857166,71.67737680716834,4.5245786160789396e-83,0.0,False,False,44782,./data/image_multi_freq/options_volume_put_call_ratio_10m.png,9.28343627019092e-22,0.01,False,diff1,True
futures_open_interest_cash_margin_perpetual_sum,10m,derivatives,144,0.0024769299813780753,0.44239676446136805,-0.0031274938650345512,-19.996268254914835,791.1456958868729,-0.4752376165129088,105.95136200720306,0.0,0.0,False,False,44782,./data/image_multi_freq/futures_open_interest_cash_margin_perpetual_sum_10m.png,0.25234868375808894,0.01,False,diff1,True
futures_open_interest_crypto_margin_sum,10m,derivatives,144,0.0018770135415689846,0.3720252603905774,0.005596102484793285,11.94182023213806,1499.7483719354918,0.09781173272351419,13.064433225955025,0.0,0.0,False,False,44782,./data/image_multi_freq/futures_open_interest_crypto_margin_sum_10m.png,0.0008018832148760329,0.01,False,diff1,True
futures_open_interest_crypto_margin_relative_perpetual,10m,derivatives,144,0.00260462290792052,0.33669607985544714,5.101447714459587e-09,3.0447665308979568e-05,0.002817055819611204,0.0748362446275127,12.360336526349908,0.0,0.0,False,False,44782,./data/image_multi_freq/futures_open_interest_crypto_margin_relative_perpetual_10m.png,0.006420576250191724,0.01,False,diff1,True
futures_annualized_basis_3m,10m,derivatives,144,0.00238963140573338,0.19199586200077348,-1.816801894429412e-09,-8.507030794775782e-06,0.0015290736353458121,-0.3067851888534934,27.948345186107556,0.0,0.0,False,False,44782,./data/image_multi_freq/futures_annualized_basis_3m_10m.png,0.3970162883578783,0.01,False,diff1,True
options_atm_implied_volatility_1_month,10m,derivatives,144,0.008796416842235465,0.36845705885861446,-7.630529216860785e-07,0.003780915299856627,0.12662808420577326,0.4807017721388629,55.254457022748326,0.0,0.0,False,False,44782,./data/image_multi_freq/options_atm_implied_volatility_1_month_10m.png,0.007987916419302727,0.01,False,diff1,True
futures_liquidated_volume_long_mean,10m,derivatives,144,0.00046384821429909236,0.032047835687588386,-2.734609372597968e-06,0.03626547901788203,0.85908981114719,140.36723632923182,23365.155912428214,0.9999999988785799,0.0,True,False,44783,./data/image_multi_freq/futures_liquidated_volume_long_mean_10m.png,0.0,0.1,True,none,True
futures_volume_perpetual_sum,10m,derivatives,144,0.001125797840777062,0.15469810669991027,-0.0010284834504041274,93.66947868847441,4312.26018677825,1.3268305107148202,36.55695731533409,0.0,0.0,False,False,44782,./data/image_multi_freq/futures_volume_perpetual_sum_10m.png,0.0,0.01,False,diff1,True
futures_liquidated_volume_long_relative,10m,derivatives,144,0.0018334932513467028,0.2026396233307054,7.353694107253578e-07,-0.001563263760984732,0.5207177585462017,-0.0030647169839099556,1.1881261333897406,0.0,1.4929397835769728e-238,False,False,44782,./data/image_multi_freq/futures_liquidated_volume_long_relative_10m.png,0.0,0.01,False,diff1,True
futures_liquidated_volume_short_sum,10m,derivatives,144,0.004133310614736906,0.17015891904896321,-1.4183054989341969e-05,1.308954624183647,14.751697587613448,45.76129289194785,4143.851282228001,3.3562441531712213e-225,0.0,False,False,44783,./data/image_multi_freq/futures_liquidated_volume_short_sum_10m.png,0.0,0.1,True,none,True
futures_volume_daily_perpetual_sum,10m,derivatives,144,0.016117003415189336,0.10957215437415097,-0.014042596837558338,29.846197530323405,8111.111718237959,0.029050468525500264,26.328327806983616,0.0,0.0,False,False,44782,./data/image_multi_freq/futures_volume_daily_perpetual_sum_10m.png,4.331372205738904e-20,0.01,False,diff1,True
futures_volume_buy_sum,10m,derivatives,144,0.0012340742364110118,0.15067891392169483,-0.0001329800629591357,30.282054849332926,2288.618567393086,1.1847217070339293,36.92158016671451,0.0,0.0,False,False,44782,./data/image_multi_freq/futures_volume_buy_sum_10m.png,0.0,0.01,False,diff1,True
futures_volume_buy_daily_perpetual_sum,10m,derivatives,144,0.016494926994920337,0.10418721487405933,-0.0060016860168590975,-7.008622106657564,3904.1851963699582,-0.2296843136122014,32.35930336234234,0.0,0.0,False,False,44782,./data/image_multi_freq/futures_volume_buy_daily_perpetual_sum_10m.png,7.074514970446733e-21,0.01,False,diff1,True
futures_volume_sell_daily_perpetual_sum,10m,derivatives,144,0.016149363046458465,0.09497581372789998,0.00026288052154634,26.23772633109584,3946.7840355625763,0.5555302803802468,29.530810432327428,0.0,0.0,False,False,44782,./data/image_multi_freq/futures_volume_sell_daily_perpetual_sum_10m.png,8.356932254387576e-21,0.01,False,diff1,True
futures_volume_sell_sum,10m,derivatives,144,0.00103082213438095,0.14820823587280388,0.0012587391230714784,39.478274146028724,2268.4636564407,1.2825694314024063,33.93189508908448,0.0,0.0,False,False,44782,./data/image_multi_freq/futures_volume_sell_sum_10m.png,0.0,0.01,False,diff1,True
futures_volume_sell_daily_sum,10m,derivatives,144,0.01614967066203826,0.09462940692891281,1.1014069637054127e-05,26.69506774278853,3985.427960882476,0.568835007642909,30.066613693311147,0.0,0.0,False,False,44782,./data/image_multi_freq/futures_volume_sell_daily_sum_10m.png,8.180633531854856e-21,0.01,False,diff1,True
futures_open_interest_perpetual_sum,10m,derivatives,144,0.002230737443472682,0.27668794860278484,0.004892193083036221,-3.0300964123722625,1687.7290172017545,2.0631157662433965,88.7968295921225,0.0,0.0,False,False,44782,./data/image_multi_freq/futures_open_interest_perpetual_sum_10m.png,0.20363052403747178,0.01,False,diff1,True
options_open_interest_sum,10m,derivatives,144,0.0014693389839278992,0.6002081183351797,-0.012306936468014115,13.705161348437972,3031.4908099189315,-15.218761487567765,2679.173964800181,0.0,0.0,False,False,44782,./data/image_multi_freq/options_open_interest_sum_10m.png,0.0003596972005296893,0.01,False,diff1,True
futures_open_interest_sum,10m,derivatives,144,0.002139575280315368,0.23661708966248504,0.0028927887915178663,-10.926909288929199,1953.1441317039819,0.10031425436581318,12.550939671827475,0.0,0.0,False,False,44782,./data/image_multi_freq/futures_open_interest_sum_10m.png,0.245478464837659,0.01,False,diff1,True
options_25delta_skew_1_week,10m,derivatives,144,0.0033266202811476644,0.21261178456843635,-2.596866174807238e-10,-1.277401181677492e-06,0.004892653397678069,0.0027023947018101836,8.25732237450814,2.3641707023847524e-89,0.0,False,False,44782,./data/image_multi_freq/options_25delta_skew_1_week_10m.png,1.991803960806806e-10,0.01,False,diff1,True
futures_estimated_leverage_ratio,10m,derivatives,144,0.0019032506920179334,0.2275085523896389,-2.558321073073282e-10,-1.320780326129493e-05,0.0015049235901400436,0.022599479678537062,11.180756567428775,0.0,0.0,False,False,44782,./data/image_multi_freq/futures_estimated_leverage_ratio_10m.png,0.3046438044816279,0.01,False,diff1,True
futures_volume_buy_perpetual_sum,10m,derivatives,144,0.0012467520100374557,0.1509179809418384,-0.0004288998250279769,31.081843095150614,2269.6279618085073,1.1819924166742233,36.70940621377915,0.0,0.0,False,False,44782,./data/image_multi_freq/futures_volume_buy_perpetual_sum_10m.png,0.0,0.01,False,diff1,True
inflation_rate,1h,supply,24,0.6972929219212813,0.11126061660305342,-2.8418083489119932e-09,-4.212930330365017e-06,0.00036255292664865644,-0.1300877245132437,4.126680337950265,0.0,1.163044130227219e-158,False,False,7463,./data/image_multi_freq/inflation_rate_1h.png,3.047896987596639e-17,0.1,True,none,True
active_1y_2y,10m,supply,144,0.000921049325921966,0.7289286480887395,0.0016264233753577164,0.4145946388078236,767.5501510529309,-18.49023995210013,4258.003898784028,0.0,0.0,False,False,44781,./data/image_multi_freq/active_1y_2y_10m.png,0.6008108727185021,0.01,False,diff2,True
highly_liquid_sum,10m,supply,144,0.003968744039396127,0.3496011413152541,-0.0019295857591561554,-4.4208028763277705,410.7942891690037,-2.3314573081804024,101.06874411234429,4.477211858047883e-09,0.0,False,False,44782,./data/image_multi_freq/highly_liquid_sum_10m.png,0.9925442762058503,0.01,False,diff1,True
current,10m,supply,144,0.007494195443218077,0.240255150727002,4.622230642696831e-06,0.4136953824599035,2.730657220677174,1.3216025286394495,3.721008049681517,0.00019748420397446798,0.0,False,False,44782,./data/image_multi_freq/current_10m.png,0.9743057042158195,0.01,False,diff1,True
revived_more_2y_sum,10m,supply,144,0.003444366795591469,0.7642184638835742,-0.0006400032164094359,2.002828849600254,314.5904319058202,4.1349367638059,417.8100698826905,0.0,0.0,False,False,44782,./data/image_multi_freq/revived_more_2y_sum_10m.png,0.0,0.01,False,diff1,True
revived_more_3y_sum,10m,supply,144,0.0016670151495014652,0.6710937789652692,-2.6908945246717993e-05,0.7742557861214324,308.3368906978008,1.5497679176779768,901.0172131223669,0.0,0.0,False,False,44782,./data/image_multi_freq/revived_more_3y_sum_10m.png,0.0,0.01,False,diff1,True
active_1m_3m,10m,supply,144,0.001508591088560679,0.7103779361279604,-0.005492050531989737,-6.56631698509769,2120.634201911034,0.4396992117224277,758.234031148871,0.0,0.0,False,False,44781,./data/image_multi_freq/active_1m_3m_10m.png,0.7659623925206513,0.01,False,diff2,True
profit_relative,1h,supply,24,0.015392872391109886,0.18173557353958505,2.5418744526033548e-08,3.891735095610562e-05,0.0063804103255803,-0.07719549390859469,12.099879984711226,4.1203090973828814e-08,0.0,False,False,7462,./data/image_multi_freq/profit_relative_1h.png,0.1719131154846122,0.01,False,diff1,True
illiquid_sum,10m,supply,144,0.005372013935909398,0.4392201207210704,0.0029959434439716477,10.245755129520337,446.21594231977787,1.9813930246607212,104.06009935637961,4.502498520135024e-07,0.0,False,False,44782,./data/image_multi_freq/illiquid_sum_10m.png,0.9965309524648298,0.01,False,diff1,True
revived_more_5y_sum,10m,supply,144,0.00032502605742684715,0.4731620107784281,1.15428870248717e-05,0.12311322949766657,259.88603959327247,0.947713008145154,1105.1190090855996,0.0,0.0,False,False,44782,./data/image_multi_freq/revived_more_5y_sum_10m.png,0.0,0.01,False,diff1,True
active_more_3y_percent,10m,supply,144,0.003924487617446602,0.34597227575280387,-1.8189637292761705e-10,1.623452676926065e-07,2.3753136506029846e-05,46.061667562725724,4609.973852026526,0.0,0.0,False,False,44782,./data/image_multi_freq/active_more_3y_percent_10m.png,0.9608312501193315,0.01,False,diff1,True
active_more_2y_percent,10m,supply,144,0.00503472231219975,0.3615594185665537,-1.352864947121743e-10,2.7339814183955077e-07,2.359762159650651e-05,70.60462171380433,10588.274416402135,3.1725812795479862e-233,0.0,False,False,44782,./data/image_multi_freq/active_more_2y_percent_10m.png,0.973192334617104,0.01,False,diff1,True
active_2y_3y,10m,supply,144,0.0014776482789082646,0.16328931605706026,0.0009720241417031232,0.22295303159351584,549.850691276719,11.776150172656116,7753.764550376253,0.0,0.0,False,False,44782,./data/image_multi_freq/active_2y_3y_10m.png,0.5749645128349117,0.01,False,diff1,True
active_6m_12m,10m,supply,144,0.0037905067067253804,0.851148456053559,0.005105404979131782,-2.3927531796191803,1033.563357309444,-2.5096297657962405,603.0158375754144,0.0,0.0,False,False,44781,./data/image_multi_freq/active_6m_12m_10m.png,0.873741492604774,0.01,False,diff2,True
active_24h,10m,supply,144,0.007174496326761364,0.4528867323478674,0.0012745106153720638,19.028891619505572,3194.9292769810186,-0.2186126061847982,180.8371847797026,3.817764897607528e-42,0.0,False,False,44782,./data/image_multi_freq/active_24h_10m.png,2.184988623915846e-17,0.01,False,diff1,True
liquid_change,10m,supply,144,0.0029658914132657823,0.2738106522521479,-0.0011663526323327114,-0.6616005010779341,669.273280166288,-0.3177316493098423,61.07128807867784,3.358633094176565e-17,0.0,False,False,44782,./data/image_multi_freq/liquid_change_10m.png,0.5999475878035623,0.01,False,diff1,True
current_adjusted,10m,supply,144,0.0002796447940022207,0.3773754425896616,-0.00011571890938462107,-0.8576736559529551,369.89003528706496,-0.4248607905652698,16197.16690398178,0.0,0.0,False,False,44781,./data/image_multi_freq/current_adjusted_10m.png,0.013680615533618911,0.01,False,diff2,True
revived_more_1y_sum,10m,supply,144,0.007101326691329811,0.3310969495158327,0.0013354999598950027,16.081317206200886,531.4315455897344,58.53557352940422,5894.367931407358,0.0,0.0,False,False,44783,./data/image_multi_freq/revived_more_1y_sum_10m.png,0.0,0.1,True,none,True
illiquid_change,10m,supply,144,0.00291086645945336,0.27022629126144254,0.0010247834156078574,0.6420962414057866,671.1137878422154,0.24889183173139479,61.40929105486666,5.151001849176981e-17,0.0,False,False,44782,./data/image_multi_freq/illiquid_change_10m.png,0.6007628036756307,0.01,False,diff1,True
liquid_sum,10m,supply,144,0.005101540635449398,0.5003566280648302,0.00019358537643016414,1.6104417259072739,300.7334319344143,10.367926687730193,707.6298222513906,3.042352137711403e-09,0.0,False,False,44782,./data/image_multi_freq/liquid_sum_10m.png,0.9461223448428135,0.01,False,diff1,True
active_more_1y_percent,10m,supply,144,0.0006446235603488676,0.40559999020055953,2.960625595617682e-11,1.9579008733843395e-07,4.4519861201166714e-05,0.18709543936482936,4369.631279325264,0.0,0.0,False,False,44781,./data/image_multi_freq/active_more_1y_percent_10m.png,0.5381536347730401,0.01,False,diff2,True
active_1w_1m,10m,supply,144,0.012959729575967912,0.588726684135529,-0.008110825327210754,30.549629025263826,2209.653648428915,17.862479847444202,1176.7572505487367,1.9127863147586443e-21,0.0,False,False,44782,./data/image_multi_freq/active_1w_1m_10m.png,0.5193644675741583,0.01,False,diff1,True
active_1d_1w,10m,supply,144,0.009723685518577802,0.47102787846791505,0.0016120090975249325,32.75718612808522,2926.122839926772,-0.15417400792126718,51.31420337441756,4.93933751023021e-85,0.0,False,False,44782,./data/image_multi_freq/active_1d_1w_10m.png,3.335935361678727e-05,0.01,False,diff1,True
issued,10m,supply,144,0.007516709870758194,0.24026301103635103,4.470636708961254e-06,0.4134422168454692,2.730542728828441,1.3215092091450955,3.721782640257114,0.00019897246611234846,0.0,False,False,44783,./data/image_multi_freq/issued_10m.png,0.0,0.1,True,none,True
active_3m_6m,10m,supply,144,0.004530499872380155,0.8556754388806451,-0.002901492234059746,-7.152463910027604,1176.3289031265233,-6.023808229633606,288.4784969452681,0.0,0.0,False,False,44781,./data/image_multi_freq/active_3m_6m_10m.png,0.7758157657277968,0.01,False,diff2,True
runes_fee_share,1h,transactions,24,0.009628483359734335,0.18850574610376739,-9.371926635450598e-07,-0.00128021817138098,0.10487554026621092,-0.0018897893485215046,7.864851695948218,2.7904820136925283e-134,1.4658678389976273e-246,False,False,7462,./data/image_multi_freq/runes_fee_share_1h.png,3.6397905730130103e-07,0.01,False,diff1,True
transfers_volume_entity_adjusted_from_lth_loss_sum,10m,transactions,144,0.0010712596005351845,0.2824249085290931,-1.7962542115104847e-05,0.0512128881442366,63.97676591650395,-0.493094469624031,1361.821126885887,0.0,0.0,False,False,44782,./data/image_multi_freq/transfers_volume_entity_adjusted_from_lth_loss_sum_10m.png,0.0,0.01,False,diff1,True
transfers_volume_entity_adjusted_mean,10m,transactions,144,0.0010083924633466242,0.11821605587244248,-3.424228278774125e-08,0.0053618379460683395,0.5156161815849802,-0.02851194952111204,63.41899143199788,0.0,0.0,False,False,44782,./data/image_multi_freq/transfers_volume_entity_adjusted_mean_10m.png,2.074491471610332e-30,0.01,False,diff1,True
count,10m,transactions,144,0.0022514012340576137,0.21368667678362718,-0.02454532753035281,-2.6206561784009903,4671.675341570497,-0.09539026699465782,6.431426541678366,0.0,0.0,False,False,44782,./data/image_multi_freq/count_10m.png,6.841392277086768e-29,0.01,False,diff1,True
transfers_volume_from_otc_desks_sum,10m,transactions,144,0.0020278207654605986,0.42881788619861844,0.0001693073192887591,-0.1335463505744645,102.38878935510964,-0.7466826940444283,329.43622481938644,0.0,0.0,False,False,44782,./data/image_multi_freq/transfers_volume_from_otc_desks_sum_10m.png,0.0,0.04351258467027235,False,diff1,True
runes_fee,1h,transactions,24,0.0025942781245003,0.1219780469008183,-1.0650997007215143e-06,-0.0026031278163168615,0.6204497630455488,18.208412258797203,2527.9372220898103,8.208689831121855e-196,0.0,False,False,7462,./data/image_multi_freq/runes_fee_1h.png,0.0,0.01,False,diff1,True
transfers_volume_exchanges_net,10m,transactions,144,0.0046182255440874185,0.38075181321518187,-0.0018928488120906598,-1.3051705960744069,370.44706916227324,-2.3471073664511333,140.4834358781912,1.5333874997952395e-06,0.0,False,False,44783,./data/image_multi_freq/transfers_volume_exchanges_net_10m.png,0.0,0.07689142535268109,True,none,True
transfers_volume_median,10m,transactions,144,0.0034100129572350924,0.27881035665299636,-1.9226868278187505e-08,0.0002738791989844024,0.0037797599817289973,0.4260830567689449,17.14037983910346,0.0,0.0,False,False,44782,./data/image_multi_freq/transfers_volume_median_10m.png,0.0,0.01,False,diff1,True
transfers_exchanges_to_whales_count,10m,transactions,144,0.003231925427713287,0.2530817789573458,0.00022261729737789085,2.3494453887319517,33.17835966179686,0.4491972408975645,4.569046446358175,0.0,0.0,False,False,44782,./data/image_multi_freq/transfers_exchanges_to_whales_count_10m.png,0.0,0.01,False,diff1,True
transfers_from_otc_desks_count,10m,transactions,144,0.007130867405445546,0.22541613431654223,2.3890307601537124e-06,0.16959458535754557,0.733978953716017,3.452085189490908,27.32651229456748,0.0,0.0,False,False,44783,./data/image_multi_freq/transfers_from_otc_desks_count_10m.png,0.0,0.1,True,none,True
transfers_volume_sth_to_exchanges_profit_sum,10m,transactions,144,0.0007881742245569451,0.21500647212981133,-0.00038213900160051685,1.1767159902818123,269.37407592304436,-0.054265080154583784,55.365912335102976,0.0,0.0,False,False,44782,./data/image_multi_freq/transfers_volume_sth_to_exchanges_profit_sum_10m.png,0.0,0.01,False,diff1,True
transfers_to_exchanges_count,10m,transactions,144,0.002131349226167894,0.2607084021308407,0.0003189388813584138,30.8964711097166,603.1237720243072,0.33898755299485556,3.951019222020399,0.0,0.0,False,False,44782,./data/image_multi_freq/transfers_to_exchanges_count_10m.png,0.0,0.01,False,diff1,True
transfers_volume_entity_adjusted_from_lth_profit_sum,10m,transactions,144,0.001966085665100213,0.6131475015517331,0.0002640014089722043,2.6016548961095673,364.49421422906227,-5.435688064336436,448.59291194035774,0.0,0.0,False,False,44782,./data/image_multi_freq/transfers_volume_entity_adjusted_from_lth_profit_sum_10m.png,0.0,0.01,False,diff1,True
transfers_volume_profit_sum,1h,transactions,24,0.007272802940688955,0.27045276712012295,-0.008970111839404264,34.19572746477623,4689.935878404868,0.31830483801764997,29.396775517683373,3.244268478114633e-251,0.0,False,False,7462,./data/image_multi_freq/transfers_volume_profit_sum_1h.png,3.4842812946455155e-14,0.01,False,diff1,True
transfers_volume_entity_adjusted_from_sth_profit_sum,10m,transactions,144,0.0011423285837625656,0.19958899256455087,-0.0009169793227825892,15.090831961906995,889.8718906738703,0.10637023957155349,52.13287186562292,0.0,0.0,False,False,44782,./data/image_multi_freq/transfers_volume_entity_adjusted_from_sth_profit_sum_10m.png,2.1646334532445554e-30,0.01,False,diff1,True
transfers_from_exchanges_count,10m,transactions,144,0.0028403368652336583,0.254470432470603,-0.0007136430147735571,26.01038079902127,392.0420004386637,0.4075550872595998,4.826066416946186,0.0,0.0,False,False,44782,./data/image_multi_freq/transfers_from_exchanges_count_10m.png,0.0,0.01,False,diff1,True
transfers_to_otc_desks_count,10m,transactions,144,0.0008553683983331788,0.15630819493640566,-5.523981877022138e-07,0.0034686734817545315,0.9349236138653942,-3.5371263865506735,205.2245204206192,0.0,0.0,False,False,44782,./data/image_multi_freq/transfers_to_otc_desks_count_10m.png,0.0,0.01,False,diff1,True
transfers_volume_adjusted_median,10m,transactions,144,0.004357751655796202,0.49524609281476445,-8.480609493401265e-09,8.736142609341071e-05,0.0021517457630433777,17.48738159398437,1164.284507578196,0.0,0.0,False,False,44782,./data/image_multi_freq/transfers_volume_adjusted_median_10m.png,0.0,0.01,False,diff1,True
transfers_to_miners_count,10m,transactions,144,0.0010999925156200384,0.16366406557622268,4.706136956432791e-05,0.15214868253472674,8.595691942489232,0.2938032165675013,80.96204416230526,0.0,0.0,False,False,44782,./data/image_multi_freq/transfers_to_miners_count_10m.png,2.0627187773800662e-30,0.01,False,diff1,True
transfers_volume_lth_to_exchanges_loss_sum,10m,transactions,144,0.00045124399027385536,0.5994264721639971,-1.7738722289861246e-06,-0.0020127862188612975,6.032811725334028,-0.2644181640076121,1137.543473655083,0.0,0.0,False,False,44782,./data/image_multi_freq/transfers_volume_lth_to_exchanges_loss_sum_10m.png,0.0,0.01,False,diff1,True
transfers_volume_sth_to_exchanges_sum,10m,transactions,144,0.0009531753912018707,0.24399820765187136,0.0003071023293288146,3.4352601986641402,416.89616924210003,0.03478845094127395,50.03596258993979,0.0,0.0,False,False,44782,./data/image_multi_freq/transfers_volume_sth_to_exchanges_sum_10m.png,0.0,0.01,False,diff1,True
transfers_volume_from_exchanges_mean,10m,transactions,144,0.0010136640795921803,0.1595260954899439,5.128711422341628e-06,-0.01613652807623915,1.3621758722660913,-0.09442813678513715,217.251855198546,0.0,0.0,False,False,44782,./data/image_multi_freq/transfers_volume_from_exchanges_mean_10m.png,0.0,0.01,False,diff1,True
transfers_volume_to_otc_desks_sum,10m,transactions,144,0.001791640615597303,0.45882836352313583,0.00021703549803148356,0.4685944955366756,109.45094660854569,1.5513912719837866,261.57739892151113,0.0,0.0,False,False,44782,./data/image_multi_freq/transfers_volume_to_otc_desks_sum_10m.png,0.0,0.03666010270147946,False,diff1,True
transfers_volume_from_miners_sum,10m,transactions,144,0.000775390718232151,0.6051162740107763,-2.6192599484734717e-05,0.04086242513672237,38.46344568272781,0.8168962370559725,728.628759521698,0.0,0.0,False,False,44782,./data/image_multi_freq/transfers_volume_from_miners_sum_10m.png,0.0,0.024788327467140193,False,diff1,True
transfers_volume_exchanges_to_whales_sum,10m,transactions,144,0.001324457146325022,0.5052139548148036,0.0003611651783867805,-0.3615398197018449,311.5901952858015,-0.6017231322280403,259.95940667265046,0.0,0.0,False,False,44782,./data/image_multi_freq/transfers_volume_exchanges_to_whales_sum_10m.png,0.0,0.01,False,diff1,True
entity_adjusted_count,10m,transactions,144,0.0017103952958699561,0.23381189705013972,0.0030470406253243045,43.00202728468259,2536.3300976940172,0.05853912487961581,5.871162394457656,0.0,0.0,False,False,44782,./data/image_multi_freq/entity_adjusted_count_10m.png,7.790927516794657e-29,0.01,False,diff1,True
runes_count_sum,1h,transactions,24,0.01181284917270474,0.2141813573596715,0.0005165138926829059,-55.562396022348594,9787.880576211854,0.18529474819126523,9.944709424285987,2.0679905839878136e-187,1.0363367055810218e-292,False,False,7461,./data/image_multi_freq/runes_count_sum_1h.png,3.435428055777005e-07,0.01,False,diff2,True
transfers_volume_lth_to_exchanges_profit_sum,10m,transactions,144,0.00121604584197282,0.6943266813454678,4.306809932603617e-05,0.27785837363152976,88.43796042942287,-0.4849330256026929,7344.922727166443,0.0,0.0,False,False,44782,./data/image_multi_freq/transfers_volume_lth_to_exchanges_profit_sum_10m.png,0.0,0.01,False,diff1,True
transfers_volume_adjusted_sum,10m,transactions,144,0.0013367798764531698,0.1569935206904848,0.0061990556742396695,114.89045155429035,3492.425846063425,0.7356720060373444,40.98175518110315,0.0,0.0,False,False,44782,./data/image_multi_freq/transfers_volume_adjusted_sum_10m.png,0.0,0.01,False,diff1,True
transfers_volume_to_miners_sum,10m,transactions,144,0.001676019582015805,0.7617848443958853,5.299979176414789e-05,0.11021297121308471,22.011100310869857,5.997240613275511,507.766793805849,0.0,0.0,False,False,44782,./data/image_multi_freq/transfers_volume_to_miners_sum_10m.png,0.0,0.01552887315836705,False,diff1,True
rate,10m,transactions,144,0.002251401234057538,0.2136866767836243,-4.090887921725449e-05,-0.004367760297335562,7.786125569284153,-0.09539026699465793,6.431426541678386,0.0,0.0,False,False,44782,./data/image_multi_freq/rate_10m.png,6.84139227708755e-29,0.01,False,diff1,True
size_mean,10m,transactions,144,2.886038473373289e-05,0.00020637568245971828,0.03364686865705792,354.6441619351721,27602.24186496514,120.17221720510396,16070.582207230016,1.0,0.0,True,False,28588,./data/image_multi_freq/size_mean_10m.png,0.0,0.07094176325335139,True,none,True
transfers_volume_entity_adjusted_median,10m,transactions,144,0.005108061242451602,0.34391782653440206,1.2285413692536081e-08,8.671101730171317e-05,0.001426790042005839,0.09654661972102446,67.57467652107233,0.0,0.0,False,False,44782,./data/image_multi_freq/transfers_volume_entity_adjusted_median_10m.png,2.1541722047817993e-30,0.01,False,diff1,True
transfers_volume_to_exchanges_sum,10m,transactions,144,0.001393885063252604,0.17150435079443047,0.0005407354464890995,10.721474239084522,544.8204109763743,-0.17741627329000542,41.672696304223074,0.0,0.0,False,False,44782,./data/image_multi_freq/transfers_volume_to_exchanges_sum_10m.png,0.0,0.01,False,diff1,True
transfers_volume_entity_adjusted_from_sth_sum,10m,transactions,144,0.0010752767232783263,0.11557738470419729,0.0007782030568554004,22.704027766488505,1261.130981025738,0.2551707590889196,43.975840540133504,0.0,0.0,False,False,44782,./data/image_multi_freq/transfers_volume_entity_adjusted_from_sth_sum_10m.png,0.0,0.01,False,diff1,True
size_sum,10m,transactions,144,0.0018764231448340904,0.2379430035641299,3.2207310986877067,-7512.961044437715,2132388.895697658,-0.02930713918563948,4.1321321853432575,0.0,0.0,False,False,44782,./data/image_multi_freq/size_sum_10m.png,0.0,0.01,False,diff1,True
transfers_volume_lth_to_exchanges_sum,10m,transactions,144,0.0013153665898230948,0.6955330257813105,5.8666682529554586e-05,0.41458618426621047,89.0524862001773,0.642649234136873,7110.786785885938,0.0,0.0,False,False,44782,./data/image_multi_freq/transfers_volume_lth_to_exchanges_sum_10m.png,0.0,0.01,False,diff1,True
transfers_volume_sum,10m,transactions,144,0.0017605336646297745,0.18041874807935035,-0.006850991534936845,331.0324281267406,9834.528286513349,0.13941701958973582,32.25304836367486,0.0,0.0,False,False,44782,./data/image_multi_freq/transfers_volume_sum_10m.png,0.0,0.01,False,diff1,True
transfers_rate,10m,transactions,144,0.0016185834509652084,0.26501233945242164,-1.5251794030204386e-06,0.4641847203019868,11.21466950997815,0.2828237867965104,3.2016507794922733,0.0,0.0,False,False,44782,./data/image_multi_freq/transfers_rate_10m.png,0.0,0.01,False,diff1,True
transfers_volume_entity_adjusted_from_sth_loss_sum,10m,transactions,144,0.0014886014149147653,0.2785591100536593,0.0022953842459768193,9.246256524259238,630.0932287660888,0.6255709745648592,61.05188104694594,0.0,0.0,False,False,44782,./data/image_multi_freq/transfers_volume_entity_adjusted_from_sth_loss_sum_10m.png,0.0,0.01,False,diff1,True
transfers_volume_miners_to_exchanges,10m,transactions,144,0.0002889464359071166,0.13885926384926625,2.2425700594870407e-05,0.17153886236039292,10.139783087559747,172.39405739262423,33826.96381893895,0.9999924428620477,0.0,True,False,44783,./data/image_multi_freq/transfers_volume_miners_to_exchanges_10m.png,0.0,0.1,True,none,True
transfers_volume_within_exchanges_sum,10m,transactions,144,0.001827064860141432,0.48812062842323634,-0.0005944784562819586,97.16236098353635,3233.9059882274346,2.9996760798296718,97.60588509630519,0.0,0.0,False,False,44782,./data/image_multi_freq/transfers_volume_within_exchanges_sum_10m.png,0.0,0.01,False,diff1,True
transfers_from_miners_count,10m,transactions,144,0.007207729283697407,0.9400674864490955,0.0005294916167488919,0.35717548980834907,43.58758741373284,-0.840272602888708,812.2546666182081,0.00016269798589107167,0.0,False,False,44783,./data/image_multi_freq/transfers_from_miners_count_10m.png,0.0,0.1,True,none,True
transfers_volume_adjusted_mean,10m,transactions,144,0.0014266663122786236,0.14629862796381235,1.1682779101110221e-06,0.02362157097366943,0.8239873830705935,0.2551816133966207,65.5484518988219,0.0,0.0,False,False,44782,./data/image_multi_freq/transfers_volume_adjusted_mean_10m.png,0.0,0.01,False,diff1,True
transfers_volume_loss_sum,1h,transactions,24,0.011699858480564927,0.23910793683941933,-0.006363465400171441,9.590515805104523,3112.1688182037283,-0.35020892965658884,20.28018477747254,3.777158820560057e-285,0.0,False,False,7462,./data/image_multi_freq/transfers_volume_loss_sum_1h.png,6.890548570985452e-20,0.02149823251922052,False,diff1,True
runes_count,1h,transactions,24,0.012474844322290301,0.21702531933843774,0.008488486179807722,-35.680635840544824,9794.41617365921,0.1918360149899216,9.945835500386773,1.3893737999127502e-186,2.0594330719942838e-293,False,False,7462,./data/image_multi_freq/runes_count_1h.png,2.9044236863845943e-06,0.01,False,diff1,True
transfers_volume_from_exchanges_sum,10m,transactions,144,0.0015754363506870696,0.19940347597976854,0.00030581481349089776,9.76687399538851,564.5682250932185,0.3345728195567525,55.1622383971299,0.0,0.0,False,False,44782,./data/image_multi_freq/transfers_volume_from_exchanges_sum_10m.png,0.0,0.01,False,diff1,True
transfers_volume_entity_adjusted_sum,10m,transactions,144,0.0012260298086569834,0.14549624906277506,-0.00023797257349096208,30.492119536709588,1452.9053382377656,0.32957243502083083,37.01439714967574,0.0,0.0,False,False,44782,./data/image_multi_freq/transfers_volume_entity_adjusted_sum_10m.png,0.0,0.01,False,diff1,True
transfers_volume_miners_net,10m,transactions,144,0.007384786943015143,0.7249039242823268,5.3919573839768214e-05,-1.4357820555917375,25.365056968124744,-22.411309032900213,2080.4953374174906,2.1273875829023494e-08,0.0,False,False,44783,./data/image_multi_freq/transfers_volume_miners_net_10m.png,0.0,0.1,True,none,True
transfers_volume_mean,10m,transactions,144,0.01948764785606097,0.24857446631620528,3.9249303643226404e-05,0.37446846096513253,1.6310080190870095,2.562620739369757,85.48414994922622,2.0898613616366418e-154,0.0,False,False,44783,./data/image_multi_freq/transfers_volume_mean_10m.png,0.0,0.1,True,none,True
transfers_volume_profit_relative,1h,transactions,24,0.020339933434019984,0.2750362413218053,1.043744945472515e-06,-0.003190699364090015,0.2226318882859524,-0.10408849901658153,3.4110952571211692,2.0508660840407397e-98,2.832831489442176e-133,False,False,7450,./data/image_multi_freq/transfers_volume_profit_relative_1h.png,8.61338852352622e-17,0.03036537828551485,False,diff1,True
transfers_volume_entity_adjusted_from_lth_sum,10m,transactions,144,0.0020150804254158968,0.5903022294085556,0.0009286481394377734,2.9313524985095096,389.49090575298817,-3.858332399754657,379.37843375016405,0.0,0.0,False,False,44782,./data/image_multi_freq/transfers_volume_entity_adjusted_from_lth_sum_10m.png,0.0,0.01,False,diff1,True
runes_count_share,1h,transactions,24,0.016338127004790873,0.2046654374447365,-2.94291804599976e-06,-0.005172779547179117,0.18617453507768947,-0.34246676954362637,5.00527801862523,7.567662887708769e-123,6.008882243696487e-210,False,False,7462,./data/image_multi_freq/runes_count_share_1h.png,2.071880716320922e-05,0.01,False,diff1,True
transfers_volume_sth_to_exchanges_loss_sum,10m,transactions,144,0.0021452063443299974,0.41536676285493335,-0.000563065695011883,0.5224910225297308,256.4676653554215,-0.4093656126297621,100.10328074860465,0.0,0.0,False,False,44782,./data/image_multi_freq/transfers_volume_sth_to_exchanges_loss_sum_10m.png,0.0,0.01,False,diff1,True
transfers_volume_to_exchanges_mean,10m,transactions,144,0.0011036831388073734,0.15083183090967217,1.4867005561114285e-06,-0.0006186098040325736,0.6975548456043792,-0.5936457540631194,64.05607916424258,0.0,0.0,False,False,44782,./data/image_multi_freq/transfers_volume_to_exchanges_mean_10m.png,0.0,0.01,False,diff1,True
transfers_whales_to_exchanges_count,10m,transactions,144,0.001754760667093578,0.2497831725308687,0.00039876188417777453,2.8956437289301844,62.46774015491731,0.3445402354978654,4.895593365603108,0.0,0.0,False,False,44782,./data/image_multi_freq/transfers_whales_to_exchanges_count_10m.png,1.2571310873250283e-26,0.01,False,diff1,True
transfers_volume_whales_to_exchanges_sum,10m,transactions,144,0.002263890189367792,0.5428151599272459,0.000804594744292536,0.8996314916707692,253.53615932654068,1.289309613866094,116.49533231212054,0.0,0.0,False,False,44782,./data/image_multi_freq/transfers_volume_whales_to_exchanges_sum_10m.png,0.0,0.01,False,diff1,True
supply_balance_100_1k,10m,addresses,144,0.0029127496668765185,0.31192269547875207,0.0005979694634834326,13.759937623647113,658.4809238088945,1.0443188516772661,67.04898381195287,7.085128748764454e-45,0.0,False,False,44782,./data/image_multi_freq/supply_balance_100_1k_10m.png,0.6991629811382846,0.01,False,diff1,True
supply_balance_1k_10k,10m,addresses,144,0.0046636584144594696,0.5477159489834436,-0.004003060077777908,-0.011462868670079396,852.9717797834461,2.3747962615546876,130.2482900234332,5.06491099403993e-16,0.0,False,False,44782,./data/image_multi_freq/supply_balance_1k_10k_10m.png,0.7138767426839455,0.01,False,diff1,True
active_count,10m,addresses,144,0.0014992740638891961,0.2641267734468754,-0.006120098260287251,392.70827888878375,10021.354731345356,0.2831428186375444,3.106532223855022,0.0,0.0,False,False,44782,./data/image_multi_freq/active_count_10m.png,0.0,0.01,False,diff1,True
min_point_1_count,10m,addresses,144,0.0012463668249461852,0.2779898283929778,3.8287500310477984e-05,-1.4276087267893545,82.73848954787627,-0.2650721861864696,83.39740591210847,0.0,0.0,False,False,44781,./data/image_multi_freq/min_point_1_count_10m.png,0.6656454915622306,0.01,False,diff2,True
count,10m,addresses,144,0.0015809546408145645,0.265411106914707,-0.0007402186126630219,160.1682124127103,2939.66846675766,0.3557942274504843,3.387454941176715,0.0,0.0,False,False,44781,./data/image_multi_freq/count_10m.png,0.9871577548267254,0.01,False,diff2,True
profit_relative,1h,addresses,24,0.01919107730615036,0.1976936896856995,1.2527377455306586e-08,-1.591492757216029e-05,0.0035523871741684997,-0.038599100056749186,12.89905492618688,0.019343500121627215,0.0,False,False,7462,./data/image_multi_freq/profit_relative_1h.png,0.14340260475456473,0.01,False,diff1,True
sending_count,10m,addresses,144,0.0017627937391686468,0.2402458167786565,-0.00020770106425133504,99.5352119216497,5412.982666861963,0.11948724646521337,4.647545855341189,0.0,0.0,False,False,44782,./data/image_multi_freq/sending_count_10m.png,0.0,0.01,False,diff1,True
supply_balance_0001_001,10m,addresses,144,0.004102388359108129,0.12098765679788227,-1.1939747368017783e-05,-0.0836429501208097,2.0378448896149606,-2.717082854751611,31.552050844864176,2.663669833233625e-139,0.0,False,False,44782,./data/image_multi_freq/supply_balance_0001_001_10m.png,0.5823738579489827,0.01,False,diff1,True
min_1_count,10m,addresses,144,0.001035473835215465,0.1456662281694873,3.0024806079215382e-05,-0.35695414156956373,27.56126483036142,-1.2012407971383168,54.089797745965576,0.0,0.0,False,False,44781,./data/image_multi_freq/min_1_count_10m.png,0.9288106087914628,0.01,False,diff2,True
supply_balance_01_1,10m,addresses,144,0.001462612942484767,0.3535644048739004,-2.009653054401605e-05,-0.30082617258737393,20.528812275526803,-1.1342235663833946,56.18384117045667,0.0,0.0,False,False,44781,./data/image_multi_freq/supply_balance_01_1_10m.png,0.6598798023032743,0.01,False,diff2,True
supply_balance_001_01,10m,addresses,144,0.0013091223853495993,0.1521809677517803,6.797627376331606e-06,-0.22209907456135233,8.48513766979621,-0.33365303003158375,48.62631098658245,0.0,0.0,False,False,44781,./data/image_multi_freq/supply_balance_001_01_10m.png,0.9437647376593525,0.01,False,diff2,True
supply_balance_10k_100k,10m,addresses,144,0.008299445878674217,0.7813468947585932,-1.921692543948221e-05,2.0481357739624815,549.2831015025066,-2.540550971155469,226.69080706543915,7.838881607497503e-20,0.0,False,False,44782,./data/image_multi_freq/supply_balance_10k_100k_10m.png,0.25731962247857343,0.01,False,diff1,True
receiving_count,10m,addresses,144,0.0015305950993234532,0.2692508287112066,0.0006155114671837846,326.85600667473545,6144.1705834031,0.35654013833298115,3.141625165745192,0.0,0.0,False,False,44782,./data/image_multi_freq/receiving_count_10m.png,0.0,0.01,False,diff1,True
new_non_zero_count,10m,addresses,144,0.0015869693187999128,0.2653970582077523,-0.0006508203829704127,160.06646742502002,2939.530807111903,0.35582177922641234,3.3884623456089624,0.0,0.0,False,False,44782,./data/image_multi_freq/new_non_zero_count_10m.png,0.0,0.011043054060005983,False,diff1,True
min_point_zero_1_count,10m,addresses,144,0.001305001512832149,0.15856949263594308,0.00014878253375105128,-9.237260447482775,338.56992794071334,-0.549868031960034,58.29564170174659,0.0,0.0,False,False,44781,./data/image_multi_freq/min_point_zero_1_count_10m.png,0.9266733166487751,0.01,False,diff2,True
supply_balance_10_100,10m,addresses,144,0.001346738654039844,0.19068605264315613,-0.00014970517415852325,0.7460324590532127,231.45269253272522,0.002148935377349261,48.69201099372496,1.7602493321344622e-97,0.0,False,False,44782,./data/image_multi_freq/supply_balance_10_100_10m.png,0.8840182951463242,0.01,False,diff1,True
supply_balance_more_100k,10m,addresses,144,0.02792623738656672,0.751013838962458,5.660725044410076e-05,-0.25011237724395247,137.72945695651507,-51.015902893287866,5325.926572550531,0.025635532589629997,0.0,False,False,44782,./data/image_multi_freq/supply_balance_more_100k_10m.png,0.7154725126505643,0.01,False,diff1,True
loss_count,1h,addresses,24,0.019266042194140083,0.1982028217161683,-0.640802299197031,901.8540687141996,186684.92322541052,0.04298139466217632,12.899843917481617,0.01995210930260918,0.0,False,False,7462,./data/image_multi_freq/loss_count_1h.png,0.14189160554221314,0.01,False,diff1,True
min_10k_count,10m,addresses,144,0.054792572746863714,0.4981340066121972,1.8547614614982437e-07,-0.000555545233642486,0.06945412373731642,-1.1934973223652066,245.2343462737123,1.7143090520441546e-201,0.0,False,False,44782,./data/image_multi_freq/min_10k_count_10m.png,0.28404012766237097,0.01,False,diff1,True
min_10_count,10m,addresses,144,0.0016383634729523183,0.27078525415517274,-2.4722872570723922e-05,0.053928332319833946,13.920488049620598,1.716619175513568,114.0434518782866,1.5931499820427695e-136,0.0,False,False,44782,./data/image_multi_freq/min_10_count_10m.png,0.8628338102595291,0.01,False,diff1,True
min_100_count,10m,addresses,144,0.0022253260927702504,0.36727352048768436,-5.835303318657976e-06,0.031561008212773405,3.2264252721481808,1.63349029334366,184.15295392655273,0.0,0.0,False,False,44781,./data/image_multi_freq/min_100_count_10m.png,0.8129682440695619,0.01,False,diff2,True
profit_count,1h,addresses,24,0.019462488151917475,0.19813453819601293,0.6818986336494242,-792.8825820519155,186887.84804124522,-0.04319532558484835,12.785828911154965,0.01787669237818303,0.0,False,False,7462,./data/image_multi_freq/profit_count_1h.png,0.17003076817407775,0.01,False,diff1,True
supply_balance_1_10,10m,addresses,144,0.001170642152132869,0.15065619641258152,-1.3492646629469529e-05,-0.7120535748122255,63.743130302120825,-0.11715986524254232,18.08241841710049,0.0,0.0,False,False,44781,./data/image_multi_freq/supply_balance_1_10_10m.png,0.9556886440357014,0.01,False,diff2,True
supply_balance_less_0001,10m,addresses,144,0.0028346911249832896,0.18648191228436775,-1.917215433573255e-06,-0.026592673458973277,0.42309944852039805,-4.529440935266761,69.98035469242475,0.0,0.0,False,False,44782,./data/image_multi_freq/supply_balance_less_0001_10m.png,0.01963043516436317,0.01,False,diff1,True
receiving_from_exchanges_count,10m,addresses,144,0.002776929960827612,0.25367136567042714,-0.00041700192661942644,22.368927474791423,356.3727570256701,0.3932220390208636,5.052773428810829,0.0,0.0,False,False,44782,./data/image_multi_freq/receiving_from_exchanges_count_10m.png,0.0,0.01,False,diff1,True
non_zero_count,10m,addresses,144,0.0033950864687909113,0.118066857909339,-0.004579595652499527,-85.3614864660289,1680.2226249811793,-3.4373440481743227,37.38665210530193,1.1840536401273212e-272,0.0,False,False,44782,./data/image_multi_freq/non_zero_count_10m.png,0.4063806150052953,0.01,False,diff1,True
realized_volatility_3_months,10m,market,144,0.0026409100041423174,0.35048649074564425,-3.132058786330026e-09,-3.794503759560819e-06,0.0009313758935592984,-0.8229052426818727,110.98394396721798,2.0762198189751068e-136,0.0,False,False,44781,./data/image_multi_freq/realized_volatility_3_months_10m.png,0.49187258939872064,0.01,False,diff2,True
spot_vd_sum,10m,market,144,0.004290072500724028,0.19549959205403972,-0.0003537041051499734,-1.35012649055971,148.43508621811938,0.4896357014087812,43.434097103571915,0.0,0.0,False,False,44783,./data/image_multi_freq/spot_vd_sum_10m.png,0.0,0.09445444157196002,True,none,True
spot_buying_volume_sum,10m,market,144,0.0020782789232796834,0.26482091309278044,4.355323867313742e-07,0.6362909844810702,319.0039038639968,0.17482659314403792,47.72964029169066,0.0,0.0,False,False,44782,./data/image_multi_freq/spot_buying_volume_sum_10m.png,0.0,0.01,False,diff1,True
marketcap_usd,10m,market,144,0.00350957050443195,0.15717131075589463,-795.8523672442097,18869392.44241012,3589986590.129518,-0.4173155069756796,28.07804894248573,5.892387134593537e-06,0.0,False,False,44782,./data/image_multi_freq/marketcap_usd_10m.png,0.7082859528962427,0.01,False,diff1,True
price_realized_usd,10m,market,144,0.004767894728390173,0.6916075298713764,2.388721497043295e-06,-0.022106169086241363,2.679424479946324,-0.9661157828660112,710.100907628247,0.0,0.0,False,False,44781,./data/image_multi_freq/price_realized_usd_10m.png,0.9852570835901757,0.01,False,diff2,True
mvrv_more_155,1h,market,24,0.02222348692864236,0.1683970094456865,3.369282298380301e-08,-0.00015302233525501635,0.017417800109292468,-0.00717412486322478,13.960842957393059,0.2881038940615254,0.0,True,False,7462,./data/image_multi_freq/mvrv_more_155_1h.png,0.6870783853787088,0.01,False,diff1,True
realized_volatility_6_months,10m,market,144,0.10402067239282944,0.0957263121730925,1.8429516865272562e-08,-5.742306336815431e-05,0.002786092493353528,-0.6636271102103299,69.26933863580281,0.0,0.0,False,False,44782,./data/image_multi_freq/realized_volatility_6_months_10m.png,0.5245290521596198,0.01,False,diff1,True
price_drawdown_relative,10m,market,144,0.004835302479051652,0.18900556576537245,6.48374624983034e-09,-2.6327733892301752e-06,0.001797096555113858,-0.2610178194881052,23.346273579708996,3.5343437344920163e-05,0.0,False,False,44782,./data/image_multi_freq/price_drawdown_relative_10m.png,0.13914228408789453,0.01,False,diff1,True
spot_selling_volume_sum,10m,market,144,0.0014445910214728691,0.20830583227267205,0.000305545930618249,1.6135360184926175,323.2640912754533,0.4142201997222694,51.40566144994724,0.0,0.0,False,False,44782,./data/image_multi_freq/spot_selling_volume_sum_10m.png,0.0,0.01,False,diff1,True
spot_volume_daily_sum,10m,market,144,0.02709909622627379,0.1142152118693843,0.001583897825617331,4.608864702464043,1141.2532898026222,-0.17537975396343447,63.46464912880886,0.0,0.0,False,False,44782,./data/image_multi_freq/spot_volume_daily_sum_10m.png,1.574905660389183e-17,0.01,False,diff1,True
realized_volatility_1_month,10m,market,144,0.16655100949687068,0.09275209729150555,-1.6184023219414966e-07,-0.00026085140307206394,0.015194673878989646,0.5962429242833678,45.2577481833037,0.0,0.0,False,False,44782,./data/image_multi_freq/realized_volatility_1_month_10m.png,0.5172687354340839,0.01,False,diff1,True
price_realized_median_usd,1h,market,24,0.003257467897245033,0.3432147848200752,1.0117863363427176e-05,0.028411867238755918,13.389019051574857,-0.05073566013357548,288.5897286132655,0.0,0.0,False,False,7461,./data/image_multi_freq/price_realized_median_usd_1h.png,0.9235129889183574,0.01,False,diff2,True
realized_volatility_2_weeks,10m,market,144,0.16684665197652815,0.08753680126439702,-5.061549744515985e-07,-0.000438028042618318,0.02968376202725391,-0.41281098727274973,34.557791080581964,0.0,0.0,False,False,44782,./data/image_multi_freq/realized_volatility_2_weeks_10m.png,0.1308785082424765,0.01,False,diff1,True
price_usd_close,10m,market,144,0.004845720185306001,0.1854071933362313,-1.8907478202580728e-05,0.003229209864049643,177.70302100401912,-0.04081214132425445,20.672342888193807,2.6669901684515856e-11,0.0,False,False,44782,./data/image_multi_freq/price_usd_close_10m.png,0.7072032264046793,0.01,False,diff1,True
marketcap_realized_usd,10m,market,144,0.004513254740996146,0.6937873790006853,99.06957203244104,-177839.77218675782,52633745.92054156,0.47852564750619014,676.175440784114,0.0,0.0,False,False,44781,./data/image_multi_freq/marketcap_realized_usd_10m.png,0.9864410218984004,0.01,False,diff2,True
realized_volatility_1_week,10m,market,144,0.18221651285109083,0.09479321676785377,-8.609126282460263e-07,0.002263053702074162,0.054223182464207854,0.01850572119043126,23.165568888788492,0.0,0.0,False,False,44782,./data/image_multi_freq/realized_volatility_1_week_10m.png,0.0015038351247613436,0.01,False,diff1,True
mvrv_less_155,1h,market,24,0.020235727251619193,0.16680481397882269,2.1045242446150308e-08,-5.441639656092415e-05,0.005304995215075931,-0.02937063577984263,12.017551276553592,0.16747566001625988,0.0,True,False,7462,./data/image_multi_freq/mvrv_less_155_1h.png,0.3831333609268152,0.01,False,diff1,True
realized_volatility_1_year,10m,market,144,0.004862163963703077,0.24256454295586072,-3.8584480301991173e-10,9.411452992732232e-07,0.00020364578231244187,-1.8139411056336074,90.41320932895071,8.65363615216124e-51,0.0,False,False,44781,./data/image_multi_freq/realized_volatility_1_year_10m.png,0.00040191471980870566,0.01,False,diff2,True
mvrv,10m,market,144,0.0025871105269782316,0.13713112244404482,-2.1968261480746012e-09,9.888947476512523e-06,0.0046528539999829786,-0.26288584781380114,33.471147709293206,0.012246699907220488,0.0,False,False,44782,./data/image_multi_freq/mvrv_10m.png,0.27741805016119286,0.01,False,diff1,True
spot_volume_sum_intraday,10m,market,144,0.0018859459061711112,0.20019518847119722,0.0007368585367626275,4.374549392826343,616.0151330672435,1.086408424621565,62.5507068017145,0.0,0.0,False,False,44782,./data/image_multi_freq/spot_volume_sum_intraday_10m.png,0.0,0.01,False,diff1,True
mvrv_z_score,10m,market,144,0.0018378712926507535,0.13369190295744213,-5.064872459849651e-10,2.066033145740273e-06,0.00925182733135623,-0.68525995377683,32.44863475333235,0.02619121044456329,0.0,False,False,44782,./data/image_multi_freq/mvrv_z_score_10m.png,0.3741479181998386,0.01,False,diff1,True
mvrv_median,1h,market,24,0.021392488084687425,0.16816996749403626,4.457119363334748e-08,-9.014955533021494e-05,0.012268700963686815,0.009112621441069276,12.51705072465305,0.2234565445292119,0.0,True,False,7462,./data/image_multi_freq/mvrv_median_1h.png,0.4558009711960979,0.01,False,diff1,True
