,factor_name,original_frequency,category,period_used,trend_strength,seasonal_strength,trend_slope,mean_resid,std_resid,skew_resid,kurtosis_resid,lb_pvalue,normal_pvalue,passed_white_noise,passed_normality,final_length,image_path,adf_p,kpss_p,is_stationary,station_method,is_stationary_after,score
108,transfers_from_miners_count,10m,transactions,144,0.0072077292836974,0.9400674864490955,0.0005294916167488,0.357175489808349,43.58758741373284,-0.840272602888708,812.2546666182081,0.000162697985891,0.0,False,False,44783,./data/image_multi_freq/transfers_from_miners_count_10m.png,0.0,0.1,True,none,True,0.9472752157327929
65,active_3m_6m,10m,supply,144,0.0045304998723801,0.8556754388806451,-0.0029014922340597,-7.152463910027604,1176.3289031265233,-6.023808229633606,288.4784969452681,0.0,0.0,False,False,44781,./data/image_multi_freq/active_3m_6m_10m.png,0.7758157657277968,0.01,False,diff2,True,0.8602059387530252
54,active_6m_12m,10m,supply,144,0.0037905067067253,0.851148456053559,0.0051054049791317,-2.3927531796191803,1033.563357309444,-2.5096297657962405,603.0158375754144,0.0,0.0,False,False,44781,./data/image_multi_freq/active_6m_12m_10m.png,0.873741492604774,0.01,False,diff2,True,0.8549389627602844
41,inflation_rate,1h,supply,24,0.6972929219212813,0.1112606166030534,-2.8418083489119924e-09,-4.212930330365017e-06,0.0003625529266486,-0.1300877245132437,4.126680337950265,0.0,1.163044130227219e-158,False,False,7463,./data/image_multi_freq/inflation_rate_1h.png,3.047896987596639e-17,0.1,True,none,True,0.8085535385243348
134,supply_balance_10k_100k,10m,addresses,144,0.0082994458786742,0.7813468947585932,-1.921692543948221e-05,2.048135773962481,549.2831015025066,-2.540550971155469,226.69080706543917,7.838881607497503e-20,0.0,False,False,44782,./data/image_multi_freq/supply_balance_10k_100k_10m.png,0.2573196224785734,0.01,False,diff1,True,0.7896463406372674
139,supply_balance_more_100k,10m,addresses,144,0.0279262373865667,0.751013838962458,5.660725044410076e-05,-0.2501123772439524,137.7294569565151,-51.015902893287866,5325.926572550531,0.0256355325896299,0.0,False,False,44782,./data/image_multi_freq/supply_balance_more_100k_10m.png,0.7154725126505643,0.01,False,diff1,True,0.7789400763490247
9,futures_liquidated_volume_short_mean,10m,derivatives,144,0.0023971495656734,0.7661669972633429,-4.2275375725165917e-07,-0.001513330508786,0.2446246681232939,-5.906302030773923,523.8833013865893,0.0,0.0,False,False,44782,./data/image_multi_freq/futures_liquidated_volume_short_mean_10m.png,0.0,0.01,False,diff1,True,0.7685641468290163
45,revived_more_2y_sum,10m,supply,144,0.0034443667955914,0.7642184638835742,-0.0006400032164094,2.002828849600254,314.5904319058202,4.1349367638059,417.8100698826905,0.0,0.0,False,False,44782,./data/image_multi_freq/revived_more_2y_sum_10m.png,0.0,0.01,False,diff1,True,0.7676628306791655
95,transfers_volume_to_miners_sum,10m,transactions,144,0.0016760195820158,0.7617848443958853,5.299979176414789e-05,0.1102129712130847,22.011100310869857,5.997240613275511,507.766793805849,0.0,0.0,False,False,44782,./data/image_multi_freq/transfers_volume_to_miners_sum_10m.png,0.0,0.015528873158367,False,diff1,True,0.7634608639779011
114,transfers_volume_miners_net,10m,transactions,144,0.0073847869430151,0.7249039242823268,5.391957383976821e-05,-1.4357820555917375,25.365056968124744,-22.411309032900213,2080.49533741749,2.1273875829023494e-08,0.0,False,False,44783,./data/image_multi_freq/transfers_volume_miners_net_10m.png,0.0,0.1,True,none,True,0.7322887112253419
42,active_1y_2y,10m,supply,144,0.0009210493259219,0.7289286480887395,0.0016264233753577,0.4145946388078236,767.5501510529309,-18.49023995210013,4258.003898784028,0.0,0.0,False,False,44781,./data/image_multi_freq/active_1y_2y_10m.png,0.6008108727185021,0.01,False,diff2,True,0.7298496974146613
47,active_1m_3m,10m,supply,144,0.0015085910885606,0.7103779361279604,-0.0054920505319897,-6.56631698509769,2120.634201911034,0.4396992117224277,758.234031148871,0.0,0.0,False,False,44781,./data/image_multi_freq/active_1m_3m_10m.png,0.7659623925206513,0.01,False,diff2,True,0.711886527216521
11,options_open_interest_put_call_ratio,10m,derivatives,144,0.0021559184721236,0.6995581327690463,-1.2418841691432652e-08,1.1637364121638473e-05,0.0039711054229755,2.7244743116302,4455.073330910841,0.0,0.0,False,False,44782,./data/image_multi_freq/options_open_interest_put_call_ratio_10m.png,0.0185720020560308,0.01,False,diff1,True,0.7017140512411699
163,marketcap_realized_usd,10m,market,144,0.0045132547409961,0.6937873790006853,99.06957203244104,-177839.77218675782,52633745.92054156,0.4785256475061901,676.175440784114,0.0,0.0,False,False,44781,./data/image_multi_freq/marketcap_realized_usd_10m.png,0.9864410218984004,0.01,False,diff2,True,0.6983006337416814
102,transfers_volume_lth_to_exchanges_sum,10m,transactions,144,0.001315366589823,0.6955330257813105,5.8666682529554586e-05,0.4145861842662104,89.0524862001773,0.642649234136873,7110.786785885938,0.0,0.0,False,False,44782,./data/image_multi_freq/transfers_volume_lth_to_exchanges_sum_10m.png,0.0,0.01,False,diff1,True,0.6968483923711335
153,price_realized_usd,10m,market,144,0.0047678947283901,0.6916075298713764,2.388721497043295e-06,-0.0221061690862413,2.679424479946324,-0.9661157828660112,710.100907628247,0.0,0.0,False,False,44781,./data/image_multi_freq/price_realized_usd_10m.png,0.9852570835901756,0.01,False,diff2,True,0.6963754245997665
93,transfers_volume_lth_to_exchanges_profit_sum,10m,transactions,144,0.0012160458419728,0.6943266813454678,4.306809932603617e-05,0.2778583736315297,88.43796042942287,-0.4849330256026929,7344.922727166443,0.0,0.0,False,False,44782,./data/image_multi_freq/transfers_volume_lth_to_exchanges_profit_sum_10m.png,0.0,0.01,False,diff1,True,0.6955427271874406
46,revived_more_3y_sum,10m,supply,144,0.0016670151495014,0.6710937789652692,-2.6908945246717996e-05,0.7742557861214324,308.3368906978008,1.5497679176779768,901.0172131223668,0.0,0.0,False,False,44782,./data/image_multi_freq/revived_more_3y_sum_10m.png,0.0,0.01,False,diff1,True,0.6727607941147706
78,transfers_volume_entity_adjusted_from_lth_profit_sum,10m,transactions,144,0.0019660856651002,0.6131475015517331,0.0002640014089722,2.601654896109568,364.4942142290623,-5.435688064336436,448.59291194035774,0.0,0.0,False,False,44782,./data/image_multi_freq/transfers_volume_entity_adjusted_from_lth_profit_sum_10m.png,0.0,0.01,False,diff1,True,0.6151135872168333
89,transfers_volume_from_miners_sum,10m,transactions,144,0.0007753907182321,0.6051162740107763,-2.619259948473472e-05,0.0408624251367223,38.46344568272781,0.8168962370559725,728.628759521698,0.0,0.0,False,False,44782,./data/image_multi_freq/transfers_volume_from_miners_sum_10m.png,0.0,0.0247883274671401,False,diff1,True,0.6058916647290084
62,active_1w_1m,10m,supply,144,0.0129597295759679,0.588726684135529,-0.0081108253272107,30.549629025263823,2209.653648428915,17.862479847444202,1176.7572505487367,1.9127863147586447e-21,0.0,False,False,44782,./data/image_multi_freq/active_1w_1m_10m.png,0.5193644675741583,0.01,False,diff1,True,0.6016864137114969
36,options_open_interest_sum,10m,derivatives,144,0.0014693389839278,0.6002081183351797,-0.0123069364680141,13.705161348437972,3031.4908099189315,-15.218761487567765,2679.173964800181,0.0,0.0,False,False,44782,./data/image_multi_freq/options_open_interest_sum_10m.png,0.0003596972005296,0.01,False,diff1,True,0.6016774573191075
85,transfers_volume_lth_to_exchanges_loss_sum,10m,transactions,144,0.0004512439902738,0.5994264721639971,-1.7738722289861246e-06,-0.0020127862188612,6.032811725334028,-0.2644181640076121,1137.543473655083,0.0,0.0,False,False,44782,./data/image_multi_freq/transfers_volume_lth_to_exchanges_loss_sum_10m.png,0.0,0.01,False,diff1,True,0.599877716154271
117,transfers_volume_entity_adjusted_from_lth_sum,10m,transactions,144,0.0020150804254158,0.5903022294085556,0.0009286481394377,2.9313524985095096,389.49090575298817,-3.858332399754657,379.3784337501641,0.0,0.0,False,False,44782,./data/image_multi_freq/transfers_volume_entity_adjusted_from_lth_sum_10m.png,0.0,0.01,False,diff1,True,0.5923173098339714
16,options_volume_daily_sum,10m,derivatives,144,0.0121105766594524,0.5769920260998518,-4.8394594219004085e-05,6.197562051874322,492.446971031606,7.36935718770032,683.9649896589852,0.0,0.0,False,False,44782,./data/image_multi_freq/options_volume_daily_sum_10m.png,1.0284784748515881e-21,0.0164671034911906,False,diff1,True,0.5891026027593042
141,min_10k_count,10m,addresses,144,0.0547925727468637,0.4981340066121972,1.8547614614982442e-07,-0.0005555452336424,0.0694541237373164,-1.1934973223652066,245.2343462737123,1.7143090520441546e-201,0.0,False,False,44782,./data/image_multi_freq/min_10k_count_10m.png,0.2840401276623709,0.01,False,diff1,True,0.5529265793590609
124,supply_balance_1k_10k,10m,addresses,144,0.0046636584144594,0.5477159489834436,-0.0040030600777779,-0.0114628686700793,852.9717797834461,2.374796261554688,130.2482900234332,5.06491099403993e-16,0.0,False,False,44782,./data/image_multi_freq/supply_balance_1k_10k_10m.png,0.7138767426839455,0.01,False,diff1,True,0.5523796073979029
122,transfers_volume_whales_to_exchanges_sum,10m,transactions,144,0.0022638901893677,0.5428151599272459,0.0008045947442925,0.8996314916707692,253.53615932654068,1.289309613866094,116.49533231212054,0.0,0.0,False,False,44782,./data/image_multi_freq/transfers_volume_whales_to_exchanges_sum_10m.png,0.0,0.01,False,diff1,True,0.5450790501166136
7,options_atm_implied_volatility_6_months,10m,derivatives,144,0.006108600881522,0.5138992603054302,-3.41029334019862e-07,0.0008063307500205,0.0729477099016801,-13.98434271978512,1383.398279244543,0.0,0.0,False,False,44782,./data/image_multi_freq/options_atm_implied_volatility_6_months_10m.png,0.7957365134699712,0.01,False,diff1,True,0.5200078611869522
90,transfers_volume_exchanges_to_whales_sum,10m,transactions,144,0.001324457146325,0.5052139548148036,0.0003611651783867,-0.3615398197018449,311.5901952858015,-0.6017231322280403,259.95940667265046,0.0,0.0,False,False,44782,./data/image_multi_freq/transfers_volume_exchanges_to_whales_sum_10m.png,0.0,0.01,False,diff1,True,0.5065384119611286
60,liquid_sum,10m,supply,144,0.0051015406354493,0.5003566280648302,0.0001935853764301,1.610441725907274,300.7334319344143,10.367926687730192,707.6298222513906,3.042352137711403e-09,0.0,False,False,44782,./data/image_multi_freq/liquid_sum_10m.png,0.9461223448428135,0.01,False,diff1,True,0.5054581687002795
83,transfers_volume_adjusted_median,10m,transactions,144,0.0043577516557962,0.4952460928147644,-8.480609493401265e-09,8.736142609341071e-05,0.0021517457630433,17.48738159398437,1164.284507578196,0.0,0.0,False,False,44782,./data/image_multi_freq/transfers_volume_adjusted_median_10m.png,0.0,0.01,False,diff1,True,0.4996038444705606
107,transfers_volume_within_exchanges_sum,10m,transactions,144,0.0018270648601414,0.4881206284232363,-0.0005944784562819,97.16236098353636,3233.9059882274346,2.999676079829672,97.6058850963052,0.0,0.0,False,False,44782,./data/image_multi_freq/transfers_volume_within_exchanges_sum_10m.png,0.0,0.01,False,diff1,True,0.48994769328337767
63,active_1d_1w,10m,supply,144,0.0097236855185778,0.471027878467915,0.0016120090975249,32.75718612808522,2926.122839926772,-0.1541740079212671,51.31420337441756,4.93933751023021e-85,0.0,False,False,44782,./data/image_multi_freq/active_1d_1w_10m.png,3.335935361678727e-05,0.01,False,diff1,True,0.48075156398649277
50,revived_more_5y_sum,10m,supply,144,0.0003250260574268,0.4731620107784281,1.15428870248717e-05,0.1231132294976665,259.88603959327247,0.947713008145154,1105.1190090855996,0.0,0.0,False,False,44782,./data/image_multi_freq/revived_more_5y_sum_10m.png,0.0,0.01,False,diff1,True,0.4734870368358549
88,transfers_volume_to_otc_desks_sum,10m,transactions,144,0.0017916406155973,0.4588283635231358,0.0002170354980314,0.4685944955366756,109.45094660854568,1.5513912719837866,261.57739892151113,0.0,0.0,False,False,44782,./data/image_multi_freq/transfers_volume_to_otc_desks_sum_10m.png,0.0,0.0366601027014794,False,diff1,True,0.46062000413873305
55,active_24h,10m,supply,144,0.0071744963267613,0.4528867323478674,0.001274510615372,19.02889161950557,3194.9292769810186,-0.2186126061847982,180.8371847797026,3.817764897607528e-42,0.0,False,False,44782,./data/image_multi_freq/active_24h_10m.png,2.184988623915846e-17,0.01,False,diff1,True,0.46006122867462873
4,options_atm_implied_volatility_3_months,10m,derivatives,144,0.0071437305990732,0.4526574723265775,-6.98773084975802e-07,0.0012395991492691,0.0767615353814423,0.2982431084819787,68.40466159212008,0.0,0.0,False,False,44782,./data/image_multi_freq/options_atm_implied_volatility_3_months_10m.png,0.3841198250893132,0.01,False,diff1,True,0.4598012029256507
14,futures_open_interest_cash_margin_sum,10m,derivatives,144,0.0026243778109174,0.4459196199499334,-0.0021743174300347,-21.13330674872634,818.6849239349891,0.5370625313218704,123.37039920704792,2.102984474152733e-299,0.0,False,False,44782,./data/image_multi_freq/futures_open_interest_cash_margin_sum_10m.png,0.2668137950844101,0.01,False,diff1,True,0.4485439977608508
20,futures_open_interest_cash_margin_perpetual_sum,10m,derivatives,144,0.002476929981378,0.442396764461368,-0.0031274938650345,-19.996268254914835,791.1456958868729,-0.4752376165129088,105.95136200720306,0.0,0.0,False,False,44782,./data/image_multi_freq/futures_open_interest_cash_margin_perpetual_sum_10m.png,0.2523486837580889,0.01,False,diff1,True,0.444873694442746
49,illiquid_sum,10m,supply,144,0.0053720139359093,0.4392201207210704,0.0029959434439716,10.245755129520337,446.21594231977787,1.9813930246607208,104.0600993563796,4.502498520135024e-07,0.0,False,False,44782,./data/image_multi_freq/illiquid_sum_10m.png,0.9965309524648298,0.01,False,diff1,True,0.4445921346569797
70,transfers_volume_from_otc_desks_sum,10m,transactions,144,0.0020278207654605,0.4288178861986184,0.0001693073192887,-0.1335463505744645,102.38878935510964,-0.7466826940444283,329.43622481938644,0.0,0.0,False,False,44782,./data/image_multi_freq/transfers_volume_from_otc_desks_sum_10m.png,0.0,0.0435125846702723,False,diff1,True,0.43084570696407887
119,transfers_volume_sth_to_exchanges_loss_sum,10m,transactions,144,0.0021452063443299,0.4153667628549333,-0.0005630656950118,0.5224910225297308,256.4676653554215,-0.4093656126297621,100.10328074860465,0.0,0.0,False,False,44782,./data/image_multi_freq/transfers_volume_sth_to_exchanges_loss_sum_10m.png,0.0,0.01,False,diff1,True,0.4175119691992632
61,active_more_1y_percent,10m,supply,144,0.0006446235603488,0.4055999902005595,2.9606255956176817e-11,1.9579008733843398e-07,4.451986120116672e-05,0.1870954393648293,4369.631279325264,0.0,0.0,False,False,44781,./data/image_multi_freq/active_more_1y_percent_10m.png,0.5381536347730401,0.01,False,diff2,True,0.40624461376090826
18,futures_open_interest_crypto_margin_perpetual_sum,10m,derivatives,144,0.0020388403757346,0.3986544911372732,0.0064835600010208,11.728748670386242,1121.383656212141,0.1859762535394882,13.843850674082384,0.0,0.0,False,False,44782,./data/image_multi_freq/futures_open_interest_crypto_margin_perpetual_sum_10m.png,2.8869803078241753e-08,0.01,False,diff1,True,0.4006933315130078
72,transfers_volume_exchanges_net,10m,transactions,144,0.0046182255440874,0.3807518132151818,-0.0018928488120906,-1.3051705960744069,370.4470691622733,-2.3471073664511333,140.4834358781912,1.5333874997952395e-06,0.0,False,False,44783,./data/image_multi_freq/transfers_volume_exchanges_net_10m.png,0.0,0.076891425352681,True,none,True,0.38537003875926923
57,current_adjusted,10m,supply,144,0.0002796447940022,0.3773754425896616,-0.0001157189093846,-0.8576736559529551,369.89003528706496,-0.4248607905652698,16197.16690398178,0.0,0.0,False,False,44781,./data/image_multi_freq/current_adjusted_10m.png,0.0136806155336189,0.01,False,diff2,True,0.3776550873836638
24,options_atm_implied_volatility_1_month,10m,derivatives,144,0.0087964168422354,0.3684570588586144,-7.630529216860785e-07,0.0037809152998566,0.1266280842057732,0.4807017721388629,55.254457022748326,0.0,0.0,False,False,44782,./data/image_multi_freq/options_atm_implied_volatility_1_month_10m.png,0.0079879164193027,0.01,False,diff1,True,0.3772534757008498
21,futures_open_interest_crypto_margin_sum,10m,derivatives,144,0.0018770135415689,0.3720252603905774,0.0055961024847932,11.94182023213806,1499.7483719354918,0.0978117327235141,13.064433225955025,0.0,0.0,False,False,44782,./data/image_multi_freq/futures_open_interest_crypto_margin_sum_10m.png,0.000801883214876,0.01,False,diff1,True,0.37390227393214626
143,min_100_count,10m,addresses,144,0.0022253260927702,0.3672735204876843,-5.835303318657976e-06,0.0315610082127734,3.2264252721481808,1.63349029334366,184.15295392655275,0.0,0.0,False,False,44781,./data/image_multi_freq/min_100_count_10m.png,0.8129682440695619,0.01,False,diff2,True,0.3694988465804545
52,active_more_2y_percent,10m,supply,144,0.0050347223121997,0.3615594185665537,-1.352864947121743e-10,2.733981418395508e-07,2.359762159650651e-05,70.60462171380433,10588.274416402135,3.1725812795479867e-233,0.0,False,False,44782,./data/image_multi_freq/active_more_2y_percent_10m.png,0.973192334617104,0.01,False,diff1,True,0.3665941408787534
132,supply_balance_01_1,10m,addresses,144,0.0014626129424847,0.3535644048739004,-2.009653054401605e-05,-0.3008261725873739,20.528812275526803,-1.1342235663833946,56.18384117045667,0.0,0.0,False,False,44781,./data/image_multi_freq/supply_balance_01_1_10m.png,0.6598798023032743,0.01,False,diff2,True,0.35502701781638507
43,highly_liquid_sum,10m,supply,144,0.0039687440393961,0.3496011413152541,-0.0019295857591561,-4.4208028763277705,410.7942891690037,-2.3314573081804024,101.06874411234428,4.477211858047883e-09,0.0,False,False,44782,./data/image_multi_freq/highly_liquid_sum_10m.png,0.9925442762058504,0.01,False,diff1,True,0.3535698853546502
149,realized_volatility_3_months,10m,market,144,0.0026409100041423,0.3504864907456442,-3.132058786330026e-09,-3.794503759560819e-06,0.0009313758935592,-0.8229052426818727,110.98394396721798,2.0762198189751068e-136,0.0,False,False,44781,./data/image_multi_freq/realized_volatility_3_months_10m.png,0.4918725893987206,0.01,False,diff2,True,0.3531274007497865
51,active_more_3y_percent,10m,supply,144,0.0039244876174466,0.3459722757528038,-1.8189637292761702e-10,1.623452676926065e-07,2.375313650602985e-05,46.06166756272573,4609.973852026526,0.0,0.0,False,False,44782,./data/image_multi_freq/active_more_3y_percent_10m.png,0.9608312501193316,0.01,False,diff1,True,0.34989676337025044
98,transfers_volume_entity_adjusted_median,10m,transactions,144,0.0051080612424516,0.343917826534402,1.228541369253608e-08,8.671101730171317e-05,0.0014267900420058,0.0965466197210244,67.57467652107233,0.0,0.0,False,False,44782,./data/image_multi_freq/transfers_volume_entity_adjusted_median_10m.png,2.1541722047817996e-30,0.01,False,diff1,True,0.3490258877768536
160,price_realized_median_usd,1h,market,24,0.003257467897245,0.3432147848200752,1.0117863363427176e-05,0.0284118672387559,13.389019051574856,-0.0507356601335754,288.5897286132655,0.0,0.0,False,False,7461,./data/image_multi_freq/price_realized_median_usd_1h.png,0.9235129889183574,0.01,False,diff2,True,0.34647225271732024
10,futures_funding_rate_perpetual,10m,derivatives,144,0.0064333302381161,0.3373601239127648,-1.486076319311807e-12,-3.876279032500669e-08,4.7599268950512444e-06,-3.2284275942004497,193.3112776481354,0.0,0.0,False,False,44782,./data/image_multi_freq/futures_funding_rate_perpetual_10m.png,2.2970163293024214e-18,0.01,False,diff1,True,0.3437934541508809
22,futures_open_interest_crypto_margin_relative_perpetual,10m,derivatives,144,0.0026046229079205,0.3366960798554471,5.101447714459587e-09,3.0447665308979568e-05,0.0028170558196112,0.0748362446275127,12.360336526349908,0.0,0.0,False,False,44782,./data/image_multi_freq/futures_open_interest_crypto_margin_relative_perpetual_10m.png,0.0064205762501917,0.01,False,diff1,True,0.3393007027633676
58,revived_more_1y_sum,10m,supply,144,0.0071013266913298,0.3310969495158327,0.001335499959895,16.081317206200886,531.4315455897344,58.53557352940422,5894.367931407358,0.0,0.0,False,False,44783,./data/image_multi_freq/revived_more_1y_sum_10m.png,0.0,0.1,True,none,True,0.3381982762071625
123,supply_balance_100_1k,10m,addresses,144,0.0029127496668765,0.311922695478752,0.0005979694634834,13.759937623647112,658.4809238088945,1.044318851677266,67.04898381195287,7.085128748764455e-45,0.0,False,False,44782,./data/image_multi_freq/supply_balance_100_1k_10m.png,0.6991629811382846,0.01,False,diff1,True,0.3148354451456285
17,futures_open_interest_crypto_margin_relative,10m,derivatives,144,0.0022581747747303,0.3115396805679692,2.209061392020137e-09,3.123636069566582e-05,0.0031515080186991,0.0567064502785712,11.703759649007695,0.0,0.0,False,False,44782,./data/image_multi_freq/futures_open_interest_crypto_margin_relative_10m.png,0.0291741838134089,0.01,False,diff1,True,0.3137978553426995
116,transfers_volume_profit_relative,1h,transactions,24,0.0203399334340199,0.2750362413218053,1.043744945472515e-06,-0.00319069936409,0.2226318882859524,-0.1040884990165815,3.411095257121169,2.05086608404074e-98,2.832831489442176e-133,False,False,7450,./data/image_multi_freq/transfers_volume_profit_relative_1h.png,8.613388523526221e-17,0.0303653782855148,False,diff1,True,0.2953761747558252
67,transfers_volume_entity_adjusted_from_lth_loss_sum,10m,transactions,144,0.0010712596005351,0.2824249085290931,-1.7962542115104847e-05,0.0512128881442366,63.97676591650395,-0.493094469624031,1361.821126885887,0.0,0.0,False,False,44782,./data/image_multi_freq/transfers_volume_entity_adjusted_from_lth_loss_sum_10m.png,0.0,0.01,False,diff1,True,0.2834961681296282
73,transfers_volume_median,10m,transactions,144,0.003410012957235,0.2788103566529963,-1.9226868278187505e-08,0.0002738791989844,0.0037797599817289,0.4260830567689449,17.14037983910346,0.0,0.0,False,False,44782,./data/image_multi_freq/transfers_volume_median_10m.png,0.0,0.01,False,diff1,True,0.2822203696102313
105,transfers_volume_entity_adjusted_from_sth_loss_sum,10m,transactions,144,0.0014886014149147,0.2785591100536593,0.0022953842459768,9.246256524259238,630.0932287660888,0.6255709745648592,61.05188104694594,0.0,0.0,False,False,44782,./data/image_multi_freq/transfers_volume_entity_adjusted_from_sth_loss_sum_10m.png,0.0,0.01,False,diff1,True,0.280047711468574
126,min_point_1_count,10m,addresses,144,0.0012463668249461,0.2779898283929778,3.8287500310477984e-05,-1.4276087267893545,82.73848954787627,-0.2650721861864696,83.39740591210847,0.0,0.0,False,False,44781,./data/image_multi_freq/min_point_1_count_10m.png,0.6656454915622306,0.01,False,diff2,True,0.2792361952179239
35,futures_open_interest_perpetual_sum,10m,derivatives,144,0.0022307374434726,0.2766879486027848,0.0048921930830362,-3.0300964123722625,1687.7290172017545,2.0631157662433965,88.7968295921225,0.0,0.0,False,False,44782,./data/image_multi_freq/futures_open_interest_perpetual_sum_10m.png,0.2036305240374717,0.01,False,diff1,True,0.27891868604625736
79,transfers_volume_profit_sum,1h,transactions,24,0.0072728029406889,0.2704527671201229,-0.0089701118394042,34.19572746477623,4689.935878404868,0.3183048380176499,29.396775517683373,3.244268478114633e-251,0.0,False,False,7462,./data/image_multi_freq/transfers_volume_profit_sum_1h.png,3.4842812946455155e-14,0.01,False,diff1,True,0.2777255700608118
164,realized_volatility_1_week,10m,market,144,0.1822165128510908,0.0947932167678537,-8.609126282460263e-07,0.0022630537020741,0.0542231824642078,0.0185057211904312,23.16556888878849,0.0,0.0,False,False,44782,./data/image_multi_freq/realized_volatility_1_week_10m.png,0.0015038351247613,0.01,False,diff1,True,0.2770097296189445
56,liquid_change,10m,supply,144,0.0029658914132657,0.2738106522521479,-0.0011663526323327,-0.6616005010779341,669.273280166288,-0.3177316493098423,61.07128807867784,3.358633094176565e-17,0.0,False,False,44782,./data/image_multi_freq/liquid_change_10m.png,0.5999475878035623,0.01,False,diff1,True,0.2767765436654136
59,illiquid_change,10m,supply,144,0.0029108664594533,0.2702262912614425,0.0010247834156078,0.6420962414057866,671.1137878422154,0.2488918317313947,61.40929105486666,5.151001849176981e-17,0.0,False,False,44782,./data/image_multi_freq/illiquid_change_10m.png,0.6007628036756307,0.01,False,diff1,True,0.2731371577208958
142,min_10_count,10m,addresses,144,0.0016383634729523,0.2707852541551727,-2.472287257072392e-05,0.0539283323198339,13.920488049620598,1.716619175513568,114.0434518782866,1.5931499820427695e-136,0.0,False,False,44782,./data/image_multi_freq/min_10_count_10m.png,0.8628338102595291,0.01,False,diff1,True,0.272423617628125
135,receiving_count,10m,addresses,144,0.0015305950993234,0.2692508287112066,0.0006155114671837,326.85600667473545,6144.1705834031,0.3565401383329811,3.141625165745192,0.0,0.0,False,False,44782,./data/image_multi_freq/receiving_count_10m.png,0.0,0.01,False,diff1,True,0.27078142381053
115,transfers_volume_mean,10m,transactions,144,0.0194876478560609,0.2485744663162052,3.92493036432264e-05,0.3744684609651325,1.6310080190870095,2.562620739369757,85.48414994922622,2.0898613616366414e-154,0.0,False,False,44783,./data/image_multi_freq/transfers_volume_mean_10m.png,0.0,0.1,True,none,True,0.2680621141722661
127,count,10m,addresses,144,0.0015809546408145,0.265411106914707,-0.000740218612663,160.1682124127103,2939.66846675766,0.3557942274504843,3.387454941176715,0.0,0.0,False,False,44781,./data/image_multi_freq/count_10m.png,0.9871577548267254,0.01,False,diff2,True,0.26699206155552146
136,new_non_zero_count,10m,addresses,144,0.0015869693187999,0.2653970582077523,-0.0006508203829704,160.06646742502002,2939.530807111903,0.3558217792264123,3.3884623456089624,0.0,0.0,False,False,44782,./data/image_multi_freq/new_non_zero_count_10m.png,0.0,0.0110430540600059,False,diff1,True,0.2669840275265522
151,spot_buying_volume_sum,10m,market,144,0.0020782789232796,0.2648209130927804,4.355323867313742e-07,0.6362909844810702,319.0039038639968,0.1748265931440379,47.72964029169066,0.0,0.0,False,False,44782,./data/image_multi_freq/spot_buying_volume_sum_10m.png,0.0,0.01,False,diff1,True,0.26689919201606
13,options_atm_implied_volatility_1_week,10m,derivatives,144,0.0085125054742413,0.2581278063111607,-5.62636617784408e-07,0.0155476609488711,0.2865410483605087,1.3464100967203934,61.877967555114765,0.0,0.0,False,False,44782,./data/image_multi_freq/options_atm_implied_volatility_1_week_10m.png,1.535088552833785e-05,0.01,False,diff1,True,0.26664031178540204
104,transfers_rate,10m,transactions,144,0.0016185834509652,0.2650123394524216,-1.5251794030204386e-06,0.4641847203019868,11.21466950997815,0.2828237867965104,3.2016507794922733,0.0,0.0,False,False,44782,./data/image_multi_freq/transfers_rate_10m.png,0.0,0.01,False,diff1,True,0.2666309229033868
125,active_count,10m,addresses,144,0.0014992740638891,0.2641267734468754,-0.0061200982602872,392.70827888878375,10021.354731345356,0.2831428186375444,3.106532223855022,0.0,0.0,False,False,44782,./data/image_multi_freq/active_count_10m.png,0.0,0.01,False,diff1,True,0.2656260475107645
77,transfers_to_exchanges_count,10m,transactions,144,0.0021313492261678,0.2607084021308407,0.0003189388813584,30.8964711097166,603.1237720243072,0.3389875529948555,3.951019222020399,0.0,0.0,False,False,44782,./data/image_multi_freq/transfers_to_exchanges_count_10m.png,0.0,0.01,False,diff1,True,0.2628397513570085
159,realized_volatility_1_month,10m,market,144,0.1665510094968706,0.0927520972915055,-1.6184023219414969e-07,-0.000260851403072,0.0151946738789896,0.5962429242833678,45.2577481833037,0.0,0.0,False,False,44782,./data/image_multi_freq/realized_volatility_1_month_10m.png,0.5172687354340839,0.01,False,diff1,True,0.2593031067883761
81,transfers_from_exchanges_count,10m,transactions,144,0.0028403368652336,0.254470432470603,-0.0007136430147735,26.01038079902127,392.0420004386637,0.4075550872595998,4.826066416946186,0.0,0.0,False,False,44782,./data/image_multi_freq/transfers_from_exchanges_count_10m.png,0.0,0.01,False,diff1,True,0.25731076933583663
147,receiving_from_exchanges_count,10m,addresses,144,0.0027769299608276,0.2536713656704271,-0.0004170019266194,22.368927474791423,356.3727570256701,0.3932220390208636,5.052773428810829,0.0,0.0,False,False,44782,./data/image_multi_freq/receiving_from_exchanges_count_10m.png,0.0,0.01,False,diff1,True,0.2564482956312547
74,transfers_exchanges_to_whales_count,10m,transactions,144,0.0032319254277132,0.2530817789573458,0.0002226172973778,2.349445388731952,33.17835966179686,0.4491972408975645,4.569046446358175,0.0,0.0,False,False,44782,./data/image_multi_freq/transfers_exchanges_to_whales_count_10m.png,0.0,0.01,False,diff1,True,0.256313704385059
161,realized_volatility_2_weeks,10m,market,144,0.1668466519765281,0.087536801264397,-5.061549744515985e-07,-0.0004380280426183,0.0296837620272539,-0.4128109872727497,34.557791080581964,0.0,0.0,False,False,44782,./data/image_multi_freq/realized_volatility_2_weeks_10m.png,0.1308785082424765,0.01,False,diff1,True,0.2543834532409251
121,transfers_whales_to_exchanges_count,10m,transactions,144,0.0017547606670935,0.2497831725308687,0.0003987618841777,2.8956437289301844,62.46774015491731,0.3445402354978654,4.895593365603108,0.0,0.0,False,False,44782,./data/image_multi_freq/transfers_whales_to_exchanges_count_10m.png,1.2571310873250283e-26,0.01,False,diff1,True,0.2515379331979622
110,transfers_volume_loss_sum,1h,transactions,24,0.0116998584805649,0.2391079368394193,-0.0063634654001714,9.590515805104523,3112.1688182037283,-0.3502089296565888,20.28018477747254,3.7771588205600565e-285,0.0,False,False,7462,./data/image_multi_freq/transfers_volume_loss_sum_1h.png,6.890548570985452e-20,0.0214982325192205,False,diff1,True,0.2508077953199842
64,issued,10m,supply,144,0.0075167098707581,0.240263011036351,4.470636708961254e-06,0.4134422168454692,2.730542728828441,1.3215092091450955,3.721782640257114,0.0001989724661123,0.0,False,False,44783,./data/image_multi_freq/issued_10m.png,0.0,0.1,True,none,True,0.2477797209071091
44,current,10m,supply,144,0.007494195443218,0.240255150727002,4.622230642696831e-06,0.4136953824599035,2.730657220677174,1.3216025286394495,3.721008049681517,0.0001974842039744,0.0,False,False,44782,./data/image_multi_freq/current_10m.png,0.9743057042158196,0.01,False,diff1,True,0.24774934617022
166,realized_volatility_1_year,10m,market,144,0.004862163963703,0.2425645429558607,-3.858448030199117e-10,9.411452992732232e-07,0.0002036457823124,-1.8139411056336077,90.41320932895071,8.65363615216124e-51,0.0,False,False,44781,./data/image_multi_freq/realized_volatility_1_year_10m.png,0.0004019147198087,0.01,False,diff2,True,0.2474267069195637
86,transfers_volume_sth_to_exchanges_sum,10m,transactions,144,0.0009531753912018,0.2439982076518713,0.0003071023293288,3.43526019866414,416.8961692421,0.0347884509412739,50.03596258993979,0.0,0.0,False,False,44782,./data/image_multi_freq/transfers_volume_sth_to_exchanges_sum_10m.png,0.0,0.01,False,diff1,True,0.2449513830430731
6,options_25delta_skew_3_months,10m,derivatives,144,0.0049338866598955,0.2385768131702116,-6.789358782120291e-09,-1.2425279812678e-05,0.0014528787875453,-1.1693815866173485,32.77900627482491,2.427159240970146e-69,0.0,False,False,44782,./data/image_multi_freq/options_25delta_skew_3_months_10m.png,0.0003548659699477,0.01,False,diff1,True,0.2435106998301071
129,sending_count,10m,addresses,144,0.0017627937391686,0.2402458167786565,-0.0002077010642513,99.5352119216497,5412.982666861963,0.1194872464652133,4.647545855341189,0.0,0.0,False,False,44782,./data/image_multi_freq/sending_count_10m.png,0.0,0.01,False,diff1,True,0.2420086105178251
101,size_sum,10m,transactions,144,0.001876423144834,0.2379430035641299,3.2207310986877067,-7512.961044437715,2132388.895697658,-0.0293071391856394,4.1321321853432575,0.0,0.0,False,False,44782,./data/image_multi_freq/size_sum_10m.png,0.0,0.01,False,diff1,True,0.2398194267089639
37,futures_open_interest_sum,10m,derivatives,144,0.0021395752803153,0.236617089662485,0.0028927887915178,-10.9269092889292,1953.1441317039817,0.1003142543658131,12.550939671827477,0.0,0.0,False,False,44782,./data/image_multi_freq/futures_open_interest_sum_10m.png,0.245478464837659,0.01,False,diff1,True,0.2387566649428003
91,entity_adjusted_count,10m,transactions,144,0.0017103952958699,0.2338118970501397,0.0030470406253243,43.00202728468259,2536.330097694017,0.0585391248796158,5.871162394457656,0.0,0.0,False,False,44782,./data/image_multi_freq/entity_adjusted_count_10m.png,7.790927516794657e-29,0.01,False,diff1,True,0.23552229234600958
75,transfers_from_otc_desks_count,10m,transactions,144,0.0071308674054455,0.2254161343165422,2.3890307601537124e-06,0.1695945853575455,0.733978953716017,3.452085189490908,27.32651229456748,0.0,0.0,False,False,44783,./data/image_multi_freq/transfers_from_otc_desks_count_10m.png,0.0,0.1,True,none,True,0.2325470017219877
2,options_25delta_skew_6_months,10m,derivatives,144,0.0027988958446614,0.2287643768682483,1.2724267362324108e-09,2.998907547958077e-06,0.0012254467768024,0.0350302789000808,50.86660746798344,1.5951710361635589e-161,0.0,False,False,44782,./data/image_multi_freq/options_25delta_skew_6_months_10m.png,0.0001434909862825,0.01,False,diff1,True,0.2315632727129097
111,runes_count,1h,transactions,24,0.0124748443222903,0.2170253193384377,0.0084884861798077,-35.680635840544824,9794.41617365921,0.1918360149899216,9.945835500386773,1.3893737999127502e-186,2.059433071994284e-293,False,False,7462,./data/image_multi_freq/runes_count_1h.png,2.9044236863845943e-06,0.01,False,diff1,True,0.22950016366072798
39,futures_estimated_leverage_ratio,10m,derivatives,144,0.0019032506920179,0.2275085523896389,-2.558321073073282e-10,-1.320780326129493e-05,0.00150492359014,0.022599479678537,11.180756567428777,0.0,0.0,False,False,44782,./data/image_multi_freq/futures_estimated_leverage_ratio_10m.png,0.3046438044816279,0.01,False,diff1,True,0.22941180308165682
92,runes_count_sum,1h,transactions,24,0.0118128491727047,0.2141813573596715,0.0005165138926829,-55.562396022348594,9787.880576211854,0.1852947481912652,9.944709424285987,2.0679905839878136e-187,1.0363367055810218e-292,False,False,7461,./data/image_multi_freq/runes_count_sum_1h.png,3.435428055777005e-07,0.01,False,diff2,True,0.2259942065323762
118,runes_count_share,1h,transactions,24,0.0163381270047908,0.2046654374447365,-2.94291804599976e-06,-0.0051727795471791,0.1861745350776894,-0.3424667695436263,5.00527801862523,7.567662887708769e-123,6.008882243696487e-210,False,False,7462,./data/image_multi_freq/runes_count_share_1h.png,2.071880716320922e-05,0.01,False,diff1,True,0.2210035644495273
144,profit_count,1h,addresses,24,0.0194624881519174,0.1981345381960129,0.6818986336494242,-792.8825820519155,186887.8480412452,-0.0431953255848483,12.785828911154963,0.017876692378183,0.0,False,False,7462,./data/image_multi_freq/profit_count_1h.png,0.1700307681740777,0.01,False,diff1,True,0.2175970263479303
140,loss_count,1h,addresses,24,0.01926604219414,0.1982028217161683,-0.640802299197031,901.8540687141996,186684.9232254105,0.0429813946621763,12.899843917481617,0.0199521093026091,0.0,False,False,7462,./data/image_multi_freq/loss_count_1h.png,0.1418916055422131,0.01,False,diff1,True,0.21746886391030829
128,profit_relative,1h,addresses,24,0.0191910773061503,0.1976936896856995,1.2527377455306586e-08,-1.591492757216029e-05,0.0035523871741684,-0.0385991000567491,12.89905492618688,0.0193435001216272,0.0,False,False,7462,./data/image_multi_freq/profit_relative_1h.png,0.1434026047545647,0.01,False,diff1,True,0.2168847669918498
38,options_25delta_skew_1_week,10m,derivatives,144,0.0033266202811476,0.2126117845684363,-2.596866174807238e-10,-1.277401181677492e-06,0.004892653397678,0.0027023947018101,8.25732237450814,2.3641707023847527e-89,0.0,False,False,44782,./data/image_multi_freq/options_25delta_skew_1_week_10m.png,1.9918039608068059e-10,0.01,False,diff1,True,0.2159384048495839
69,count,10m,transactions,144,0.0022514012340576,0.2136866767836271,-0.0245453275303528,-2.6206561784009903,4671.675341570497,-0.0953902669946578,6.431426541678366,0.0,0.0,False,False,44782,./data/image_multi_freq/count_10m.png,6.841392277086768e-29,0.01,False,diff1,True,0.2159380780176847
96,rate,10m,transactions,144,0.0022514012340575,0.2136866767836243,-4.090887921725449e-05,-0.0043677602973355,7.786125569284153,-0.0953902669946579,6.431426541678386,0.0,0.0,False,False,44782,./data/image_multi_freq/rate_10m.png,6.84139227708755e-29,0.01,False,diff1,True,0.2159380780176818
76,transfers_volume_sth_to_exchanges_profit_sum,10m,transactions,144,0.0007881742245569,0.2150064721298113,-0.0003821390016005,1.1767159902818125,269.3740759230444,-0.0542650801545837,55.365912335102976,0.0,0.0,False,False,44782,./data/image_multi_freq/transfers_volume_sth_to_exchanges_profit_sum_10m.png,0.0,0.01,False,diff1,True,0.2157946463543682
157,spot_selling_volume_sum,10m,market,144,0.0014445910214728,0.208305832272672,0.0003055459306182,1.6135360184926175,323.2640912754533,0.4142201997222694,51.40566144994724,0.0,0.0,False,False,44782,./data/image_multi_freq/spot_selling_volume_sum_10m.png,0.0,0.01,False,diff1,True,0.20975042329414478
27,futures_liquidated_volume_long_relative,10m,derivatives,144,0.0018334932513467,0.2026396233307054,7.353694107253578e-07,-0.0015632637609847,0.5207177585462017,-0.0030647169839099,1.1881261333897406,0.0,1.492939783576973e-238,False,False,44782,./data/image_multi_freq/futures_liquidated_volume_long_relative_10m.png,0.0,0.01,False,diff1,True,0.2044731165820521
0,perpetuals_reference_rate,1h,derivatives,24,0.025722037165041,0.1767672011995747,0.0019735136180292,-6.19203958352028,352.3415857075535,0.0892914136600782,14.897003816615424,4.85649671974304e-83,0.0,False,False,7462,./data/image_multi_freq/perpetuals_reference_rate_1h.png,0.7554465648151469,0.01,False,diff1,True,0.20248923836461571
168,spot_volume_sum_intraday,10m,market,144,0.0018859459061711,0.2001951884711972,0.0007368585367626,4.374549392826343,616.0151330672435,1.086408424621565,62.5507068017145,0.0,0.0,False,False,44782,./data/image_multi_freq/spot_volume_sum_intraday_10m.png,0.0,0.01,False,diff1,True,0.2020811343773683
112,transfers_volume_from_exchanges_sum,10m,transactions,144,0.001575436350687,0.1994034759797685,0.0003058148134908,9.76687399538851,564.5682250932185,0.3345728195567525,55.1622383971299,0.0,0.0,False,False,44782,./data/image_multi_freq/transfers_volume_from_exchanges_sum_10m.png,0.0,0.01,False,diff1,True,0.2009789123304555
80,transfers_volume_entity_adjusted_from_sth_profit_sum,10m,transactions,144,0.0011423285837625,0.1995889925645508,-0.0009169793227825,15.090831961906996,889.8718906738703,0.1063702395715534,52.13287186562292,0.0,0.0,False,False,44782,./data/image_multi_freq/transfers_volume_entity_adjusted_from_sth_profit_sum_10m.png,2.1646334532445558e-30,0.01,False,diff1,True,0.2007313211483133
150,spot_vd_sum,10m,market,144,0.004290072500724,0.1954995920540397,-0.0003537041051499,-1.35012649055971,148.43508621811938,0.4896357014087812,43.43409710357192,0.0,0.0,False,False,44783,./data/image_multi_freq/spot_vd_sum_10m.png,0.0,0.09445444157196,True,none,True,0.19978966455476369
155,realized_volatility_6_months,10m,market,144,0.1040206723928294,0.0957263121730925,1.842951686527256e-08,-5.742306336815431e-05,0.0027860924933535,-0.6636271102103299,69.26933863580281,0.0,0.0,False,False,44782,./data/image_multi_freq/realized_volatility_6_months_10m.png,0.5245290521596198,0.01,False,diff1,True,0.1997469845659219
66,runes_fee_share,1h,transactions,24,0.0096284833597343,0.1885057461037673,-9.371926635450598e-07,-0.0012802181713809,0.1048755402662109,-0.0018897893485215,7.864851695948218,2.7904820136925283e-134,1.465867838997627e-246,False,False,7462,./data/image_multi_freq/runes_fee_share_1h.png,3.63979057301301e-07,0.01,False,diff1,True,0.1981342294635016
48,profit_relative,1h,supply,24,0.0153928723911098,0.181735573539585,2.5418744526033548e-08,3.891735095610562e-05,0.0063804103255803,-0.0771954939085946,12.099879984711226,4.1203090973828814e-08,0.0,False,False,7462,./data/image_multi_freq/profit_relative_1h.png,0.1719131154846122,0.01,False,diff1,True,0.19712844593069478
23,futures_annualized_basis_3m,10m,derivatives,144,0.0023896314057333,0.1919958620007734,-1.816801894429412e-09,-8.507030794775782e-06,0.0015290736353458,-0.3067851888534934,27.94834518610756,0.0,0.0,False,False,44782,./data/image_multi_freq/futures_annualized_basis_3m_10m.png,0.3970162883578783,0.01,False,diff1,True,0.1943854934065067
156,price_drawdown_relative,10m,market,144,0.0048353024790516,0.1890055657653724,6.483746249830341e-09,-2.6327733892301752e-06,0.0017970965551138,-0.2610178194881052,23.346273579709,3.5343437344920163e-05,0.0,False,False,44782,./data/image_multi_freq/price_drawdown_relative_10m.png,0.1391422840878945,0.01,False,diff1,True,0.19384086824442398
12,options_25delta_skew_1_month,10m,derivatives,144,0.0029432547623436,0.1900638932995562,-1.2984839169976474e-09,-1.914388234929465e-05,0.0025132040695431,0.6792738008659264,61.13031589607152,1.0184761225559551e-37,0.0,False,False,44782,./data/image_multi_freq/options_25delta_skew_1_month_10m.png,0.0001434075079803,0.01,False,diff1,True,0.1930071480618998
138,supply_balance_10_100,10m,addresses,144,0.0013467386540398,0.1906860526431561,-0.0001497051741585,0.7460324590532127,231.4526925327252,0.0021489353773492,48.69201099372496,1.7602493321344622e-97,0.0,False,False,44782,./data/image_multi_freq/supply_balance_10_100_10m.png,0.8840182951463242,0.01,False,diff1,True,0.19203279129719592
154,mvrv_more_155,1h,market,24,0.0222234869286423,0.1683970094456865,3.369282298380301e-08,-0.000153022335255,0.0174178001092924,-0.0071741248632247,13.96084295739306,0.2881038940615254,0.0,True,False,7462,./data/image_multi_freq/mvrv_more_155_1h.png,0.6870783853787088,0.01,False,diff1,True,0.1906204963743288
162,price_usd_close,10m,market,144,0.004845720185306,0.1854071933362313,-1.8907478202580728e-05,0.0032292098640496,177.70302100401912,-0.0408121413242544,20.672342888193807,2.6669901684515856e-11,0.0,False,False,44782,./data/image_multi_freq/price_usd_close_10m.png,0.7072032264046793,0.01,False,diff1,True,0.19025291352153728
170,mvrv_median,1h,market,24,0.0213924880846874,0.1681699674940362,4.4571193633347487e-08,-9.014955533021494e-05,0.0122687009636868,0.0091126214410692,12.51705072465305,0.2234565445292119,0.0,True,False,7462,./data/image_multi_freq/mvrv_median_1h.png,0.4558009711960979,0.01,False,diff1,True,0.18956245557872362
146,supply_balance_less_0001,10m,addresses,144,0.0028346911249832,0.1864819122843677,-1.917215433573255e-06,-0.0265926734589732,0.423099448520398,-4.529440935266761,69.98035469242475,0.0,0.0,False,False,44782,./data/image_multi_freq/supply_balance_less_0001_10m.png,0.0196304351643631,0.01,False,diff1,True,0.1893166034093509
165,mvrv_less_155,1h,market,24,0.0202357272516191,0.1668048139788226,2.1045242446150308e-08,-5.441639656092415e-05,0.0053049952150759,-0.0293706357798426,12.017551276553592,0.1674756600162598,0.0,True,False,7462,./data/image_multi_freq/mvrv_less_155_1h.png,0.3831333609268152,0.01,False,diff1,True,0.1870405412304417
103,transfers_volume_sum,10m,transactions,144,0.0017605336646297,0.1804187480793503,-0.0068509915349368,331.0324281267406,9834.528286513349,0.1394170195897358,32.25304836367486,0.0,0.0,False,False,44782,./data/image_multi_freq/transfers_volume_sum_10m.png,0.0,0.01,False,diff1,True,0.18217928174398
28,futures_liquidated_volume_short_sum,10m,derivatives,144,0.0041333106147369,0.1701589190489632,-1.4183054989341967e-05,1.308954624183647,14.751697587613448,45.76129289194785,4143.851282228001,3.3562441531712213e-225,0.0,False,False,44783,./data/image_multi_freq/futures_liquidated_volume_short_sum_10m.png,0.0,0.1,True,none,True,0.1742922296637001
99,transfers_volume_to_exchanges_sum,10m,transactions,144,0.0013938850632526,0.1715043507944304,0.000540735446489,10.721474239084522,544.8204109763743,-0.1774162732900054,41.672696304223074,0.0,0.0,False,False,44782,./data/image_multi_freq/transfers_volume_to_exchanges_sum_10m.png,0.0,0.01,False,diff1,True,0.17289823585768302
53,active_2y_3y,10m,supply,144,0.0014776482789082,0.1632893160570602,0.0009720241417031,0.2229530315935158,549.850691276719,11.776150172656116,7753.764550376253,0.0,0.0,False,False,44782,./data/image_multi_freq/active_2y_3y_10m.png,0.5749645128349117,0.01,False,diff1,True,0.1647669643359684
84,transfers_to_miners_count,10m,transactions,144,0.00109999251562,0.1636640655762226,4.706136956432791e-05,0.1521486825347267,8.595691942489232,0.2938032165675013,80.96204416230526,0.0,0.0,False,False,44782,./data/image_multi_freq/transfers_to_miners_count_10m.png,2.0627187773800666e-30,0.01,False,diff1,True,0.1647640580918426
152,marketcap_usd,10m,market,144,0.0035095705044319,0.1571713107558946,-795.8523672442097,18869392.44241012,3589986590.129518,-0.4173155069756796,28.07804894248573,5.892387134593537e-06,0.0,False,False,44782,./data/image_multi_freq/marketcap_usd_10m.png,0.7082859528962427,0.01,False,diff1,True,0.1606808812603265
87,transfers_volume_from_exchanges_mean,10m,transactions,144,0.0010136640795921,0.1595260954899439,5.128711422341628e-06,-0.0161365280762391,1.3621758722660913,-0.0944281367851371,217.251855198546,0.0,0.0,False,False,44782,./data/image_multi_freq/transfers_volume_from_exchanges_mean_10m.png,0.0,0.01,False,diff1,True,0.160539759569536
137,min_point_zero_1_count,10m,addresses,144,0.0013050015128321,0.158569492635943,0.000148782533751,-9.237260447482775,338.56992794071334,-0.549868031960034,58.29564170174659,0.0,0.0,False,False,44781,./data/image_multi_freq/min_point_zero_1_count_10m.png,0.9266733166487752,0.01,False,diff2,True,0.1598744941487751
94,transfers_volume_adjusted_sum,10m,transactions,144,0.0013367798764531,0.1569935206904848,0.0061990556742396,114.89045155429037,3492.425846063425,0.7356720060373444,40.98175518110315,0.0,0.0,False,False,44782,./data/image_multi_freq/transfers_volume_adjusted_sum_10m.png,0.0,0.01,False,diff1,True,0.1583303005669379
82,transfers_to_otc_desks_count,10m,transactions,144,0.0008553683983331,0.1563081949364056,-5.523981877022138e-07,0.0034686734817545,0.9349236138653942,-3.537126386550673,205.2245204206192,0.0,0.0,False,False,44782,./data/image_multi_freq/transfers_to_otc_desks_count_10m.png,0.0,0.01,False,diff1,True,0.15716356333473872
26,futures_volume_perpetual_sum,10m,derivatives,144,0.001125797840777,0.1546981066999102,-0.0010284834504041,93.6694786884744,4312.26018677825,1.3268305107148202,36.55695731533409,0.0,0.0,False,False,44782,./data/image_multi_freq/futures_volume_perpetual_sum_10m.png,0.0,0.01,False,diff1,True,0.15582390454068717
133,supply_balance_001_01,10m,addresses,144,0.0013091223853495,0.1521809677517803,6.797627376331606e-06,-0.2220990745613523,8.48513766979621,-0.3336530300315837,48.62631098658245,0.0,0.0,False,False,44781,./data/image_multi_freq/supply_balance_001_01_10m.png,0.9437647376593524,0.01,False,diff2,True,0.1534900901371298
40,futures_volume_buy_perpetual_sum,10m,derivatives,144,0.0012467520100374,0.1509179809418384,-0.0004288998250279,31.081843095150614,2269.6279618085077,1.1819924166742233,36.70940621377915,0.0,0.0,False,False,44782,./data/image_multi_freq/futures_volume_buy_perpetual_sum_10m.png,0.0,0.01,False,diff1,True,0.1521647329518758
120,transfers_volume_to_exchanges_mean,10m,transactions,144,0.0011036831388073,0.1508318309096721,1.4867005561114285e-06,-0.0006186098040325,0.6975548456043792,-0.5936457540631194,64.05607916424258,0.0,0.0,False,False,44782,./data/image_multi_freq/transfers_volume_to_exchanges_mean_10m.png,0.0,0.01,False,diff1,True,0.15193551404847938
30,futures_volume_buy_sum,10m,derivatives,144,0.001234074236411,0.1506789139216948,-0.0001329800629591,30.282054849332926,2288.618567393086,1.184721707033929,36.92158016671451,0.0,0.0,False,False,44782,./data/image_multi_freq/futures_volume_buy_sum_10m.png,0.0,0.01,False,diff1,True,0.1519129881581058
145,supply_balance_1_10,10m,addresses,144,0.0011706421521328,0.1506561964125815,-1.3492646629469529e-05,-0.7120535748122255,63.743130302120825,-0.1171598652425423,18.08241841710049,0.0,0.0,False,False,44781,./data/image_multi_freq/supply_balance_1_10_10m.png,0.9556886440357014,0.01,False,diff2,True,0.1518268385647143
33,futures_volume_sell_sum,10m,derivatives,144,0.0010308221343809,0.1482082358728038,0.0012587391230714,39.47827414602872,2268.4636564407,1.2825694314024063,33.93189508908448,0.0,0.0,False,False,44782,./data/image_multi_freq/futures_volume_sell_sum_10m.png,0.0,0.01,False,diff1,True,0.1492390580071847
15,futures_volume_sell_perpetual_sum,10m,derivatives,144,0.0010041347986186,0.1477921443575362,0.0015410745557358,38.61865724341929,2248.113829219339,1.280449363777204,33.70258562734024,0.0,0.0,False,False,44782,./data/image_multi_freq/futures_volume_sell_perpetual_sum_10m.png,0.0,0.01,False,diff1,True,0.14879627915615481
109,transfers_volume_adjusted_mean,10m,transactions,144,0.0014266663122786,0.1462986279638123,1.168277910111022e-06,0.0236215709736694,0.8239873830705935,0.2551816133966207,65.5484518988219,0.0,0.0,False,False,44782,./data/image_multi_freq/transfers_volume_adjusted_mean_10m.png,0.0,0.01,False,diff1,True,0.1477252942760909
113,transfers_volume_entity_adjusted_sum,10m,transactions,144,0.0012260298086569,0.145496249062775,-0.0002379725734909,30.492119536709588,1452.9053382377656,0.3295724350208308,37.01439714967574,0.0,0.0,False,False,44782,./data/image_multi_freq/transfers_volume_entity_adjusted_sum_10m.png,0.0,0.01,False,diff1,True,0.1467222788714319
131,min_1_count,10m,addresses,144,0.0010354738352154,0.1456662281694873,3.0024806079215382e-05,-0.3569541415695637,27.56126483036142,-1.2012407971383168,54.089797745965576,0.0,0.0,False,False,44781,./data/image_multi_freq/min_1_count_10m.png,0.9288106087914628,0.01,False,diff2,True,0.1467017020047027
158,spot_volume_daily_sum,10m,market,144,0.0270990962262737,0.1142152118693843,0.0015838978256173,4.608864702464043,1141.2532898026222,-0.1753797539634344,63.46464912880886,0.0,0.0,False,False,44782,./data/image_multi_freq/spot_volume_daily_sum_10m.png,1.5749056603891828e-17,0.01,False,diff1,True,0.141314308095658
167,mvrv,10m,market,144,0.0025871105269782,0.1371311224440448,-2.1968261480746004e-09,9.888947476512525e-06,0.0046528539999829,-0.2628858478138011,33.471147709293206,0.0122466999072204,0.0,False,False,44782,./data/image_multi_freq/mvrv_10m.png,0.2774180501611928,0.01,False,diff1,True,0.13971823297102298
106,transfers_volume_miners_to_exchanges,10m,transactions,144,0.0002889464359071,0.1388592638492662,2.2425700594870407e-05,0.1715388623603929,10.139783087559747,172.39405739262423,33826.96381893895,0.9999924428620476,0.0,True,False,44783,./data/image_multi_freq/transfers_volume_miners_to_exchanges_10m.png,0.0,0.1,True,none,True,0.1391482102851733
19,options_volume_put_call_ratio,10m,derivatives,144,0.0016445457254844,0.1359903093946216,2.0195162026932162e-08,2.6019994158288047e-05,0.0198198673511003,-0.5618417534857166,71.67737680716834,4.52457861607894e-83,0.0,False,False,44782,./data/image_multi_freq/options_volume_put_call_ratio_10m.png,9.283436270190919e-22,0.01,False,diff1,True,0.13763485512010598
169,mvrv_z_score,10m,market,144,0.0018378712926507,0.1336919029574421,-5.06487245984965e-10,2.066033145740273e-06,0.0092518273313562,-0.68525995377683,32.44863475333235,0.0261912104445632,0.0,False,False,44782,./data/image_multi_freq/mvrv_z_score_10m.png,0.3741479181998386,0.01,False,diff1,True,0.1355297742500928
3,futures_volume_daily_sum,10m,derivatives,144,0.0161534923973005,0.1103797340518742,-0.0116678664789489,34.89325884584701,8193.429340986484,0.0397068118193998,26.48287260194612,0.0,0.0,False,False,44782,./data/image_multi_freq/futures_volume_daily_sum_10m.png,4.188507713846254e-20,0.01,False,diff1,True,0.1265332264491747
29,futures_volume_daily_perpetual_sum,10m,derivatives,144,0.0161170034151893,0.1095721543741509,-0.0140425968375583,29.846197530323405,8111.111718237959,0.0290504685255002,26.328327806983616,0.0,0.0,False,False,44782,./data/image_multi_freq/futures_volume_daily_perpetual_sum_10m.png,4.331372205738904e-20,0.01,False,diff1,True,0.1256891577893402
130,supply_balance_0001_001,10m,addresses,144,0.0041023883591081,0.1209876567978822,-1.1939747368017784e-05,-0.0836429501208097,2.037844889614961,-2.717082854751611,31.552050844864176,2.663669833233625e-139,0.0,False,False,44782,./data/image_multi_freq/supply_balance_0001_001_10m.png,0.5823738579489827,0.01,False,diff1,True,0.1250900451569903
71,runes_fee,1h,transactions,24,0.0025942781245003,0.1219780469008183,-1.0650997007215145e-06,-0.0026031278163168,0.6204497630455488,18.208412258797203,2527.9372220898103,8.208689831121855e-196,0.0,False,False,7462,./data/image_multi_freq/runes_fee_1h.png,0.0,0.01,False,diff1,True,0.1245723250253186
1,futures_vd_perpetual,10m,derivatives,144,0.0023812971455985,0.1217327959659489,0.0017703580321922,-6.658773885092658,968.0696047257094,0.0394785427287234,30.115148086071287,6.318947683656559e-27,0.0,False,False,44783,./data/image_multi_freq/futures_vd_perpetual_10m.png,0.0,0.1,True,none,True,0.12411409311154739
148,non_zero_count,10m,addresses,144,0.0033950864687909,0.118066857909339,-0.0045795956524995,-85.3614864660289,1680.2226249811793,-3.4373440481743227,37.38665210530193,1.1840536401273212e-272,0.0,False,False,44782,./data/image_multi_freq/non_zero_count_10m.png,0.4063806150052953,0.01,False,diff1,True,0.1214619443781299
31,futures_volume_buy_daily_perpetual_sum,10m,derivatives,144,0.0164949269949203,0.1041872148740593,-0.006001686016859,-7.008622106657564,3904.1851963699582,-0.2296843136122014,32.35930336234234,0.0,0.0,False,False,44782,./data/image_multi_freq/futures_volume_buy_daily_perpetual_sum_10m.png,7.074514970446733e-21,0.01,False,diff1,True,0.1206821418689796
5,futures_volume_buy_daily_sum,10m,derivatives,144,0.0165064366574826,0.1035240228388108,-0.0064494440833977,-7.551680155125554,3939.914172544084,-0.2417012923146225,32.51878386403729,0.0,0.0,False,False,44782,./data/image_multi_freq/futures_volume_buy_daily_sum_10m.png,6.735255614148685e-21,0.01,False,diff1,True,0.1200304594962934
68,transfers_volume_entity_adjusted_mean,10m,transactions,144,0.0010083924633466,0.1182160558724424,-3.424228278774125e-08,0.0053618379460683,0.5156161815849802,-0.028511949521112,63.41899143199788,0.0,0.0,False,False,44782,./data/image_multi_freq/transfers_volume_entity_adjusted_mean_10m.png,2.0744914716103323e-30,0.01,False,diff1,True,0.11922444833578899
100,transfers_volume_entity_adjusted_from_sth_sum,10m,transactions,144,0.0010752767232783,0.1155773847041972,0.0007782030568554,22.704027766488505,1261.130981025738,0.2551707590889196,43.975840540133504,0.0,0.0,False,False,44782,./data/image_multi_freq/transfers_volume_entity_adjusted_from_sth_sum_10m.png,0.0,0.01,False,diff1,True,0.1166526614274755
32,futures_volume_sell_daily_perpetual_sum,10m,derivatives,144,0.0161493630464584,0.0949758137278999,0.0002628805215463,26.23772633109584,3946.784035562576,0.5555302803802468,29.530810432327428,0.0,0.0,False,False,44782,./data/image_multi_freq/futures_volume_sell_daily_perpetual_sum_10m.png,8.356932254387576e-21,0.01,False,diff1,True,0.11112517677435829
34,futures_volume_sell_daily_sum,10m,derivatives,144,0.0161496706620382,0.0946294069289128,1.1014069637054129e-05,26.69506774278853,3985.427960882476,0.568835007642909,30.066613693311147,0.0,0.0,False,False,44782,./data/image_multi_freq/futures_volume_sell_daily_sum_10m.png,8.180633531854856e-21,0.01,False,diff1,True,0.11077907759095099
8,futures_liquidated_volume_long_sum,10m,derivatives,144,0.0040343425807861,0.0906709701548255,-1.0860989867617022e-05,1.963398931510809,21.688294032486308,54.63462245975384,5529.210931725749,0.0,0.0,False,False,44783,./data/image_multi_freq/futures_liquidated_volume_long_sum_10m.png,0.0,0.1,True,none,True,0.0947053127356116
25,futures_liquidated_volume_long_mean,10m,derivatives,144,0.000463848214299,0.0320478356875883,-2.734609372597968e-06,0.036265479017882,0.85908981114719,140.36723632923182,23365.15591242821,0.99999999887858,0.0,True,False,44783,./data/image_multi_freq/futures_liquidated_volume_long_mean_10m.png,0.0,0.1,True,none,True,0.0325116839018873
97,size_mean,10m,transactions,144,2.886038473373289e-05,0.0002063756824597,0.0336468686570579,354.6441619351721,27602.24186496514,120.17221720510396,16070.582207230016,1.0,0.0,True,False,28588,./data/image_multi_freq/size_mean_10m.png,0.0,0.0709417632533513,True,none,True,0.0002352360671934329
